ID_ENTIDAD,ID_DISTRITO_LOCAL,PARTIDO_CI,CANDIDATURA_PROPIETARIA,CANDIDATURA_SUPLENTE
21,001,PAN,PALOMA GUADALUPE GOICOECHEA RODRIGUEZ,ANGELINA DEL CONSUELO SANTOS ESPINOZA
21,001,PRI,PALOMA GUADALUPE GOICOECHEA RODRIGUEZ,ANGELINA DEL CONSUELO SANTOS ESPINOZA
21,001,PRD,PALOMA GUADALUPE GOICOECHEA RODRIGUEZ,ANGELINA DEL CONSUELO SANTOS ESPINOZA
21,001,PT,LAURA GUADALUPE VARGAS VARGAS,LESLIE CASTRO TIENDA
21,001,PVEM,LAURA GUADALUPE VARGAS VARGAS,LESLIE CASTRO TIENDA
21,001,MC,VICTOR ARMANDO TRINIDAD DIAZ,HECTOR MARTIN SANCHEZ HERNANDEZ
21,001,PSI,PALOMA GUADALUPE GOICOECHEA RODRIGUEZ,ANGELINA DEL CONSUELO SANTOS ESPINOZA
21,001,MORENA,LAURA GUADALUPE VARGAS VARGAS,LESLIE CASTRO TIENDA
21,001,NAP,LAURA GUADALUPE VARGAS VARGAS,LESLIE CASTRO TIENDA
21,001,FXMP,LAURA GUADALUPE VARGAS VARGAS,LESLIE CASTRO TIENDA
21,001,C_PAN_PRI_PRD_PSI,PALOMA GUADALUPE GOICOECHEA RODRIGUEZ,ANGELINA DEL CONSUELO SANTOS ESPINOZA
21,001,C_PAN_PRI_PRD,PALOMA GUADALUPE GOICOECHEA RODRIGUEZ,ANGELINA DEL CONSUELO SANTOS ESPINOZA
21,001,C_PAN_PRI_PSI,PALOMA GUADALUPE GOICOECHEA RODRIGUEZ,ANGELINA DEL CONSUELO SANTOS ESPINOZA
21,001,C_PAN_PRD_PSI,PALOMA GUADALUPE GOICOECHEA RODRIGUEZ,ANGELINA DEL CONSUELO SANTOS ESPINOZA
21,001,C_PRI_PRD_PSI,PALOMA GUADALUPE GOICOECHEA RODRIGUEZ,ANGELINA DEL CONSUELO SANTOS ESPINOZA
21,001,C_PAN_PRI,PALOMA GUADALUPE GOICOECHEA RODRIGUEZ,ANGELINA DEL CONSUELO SANTOS ESPINOZA
21,001,C_PAN_PRD,PALOMA GUADALUPE GOICOECHEA RODRIGUEZ,ANGELINA DEL CONSUELO SANTOS ESPINOZA
21,001,C_PAN_PSI,PALOMA GUADALUPE GOICOECHEA RODRIGUEZ,ANGELINA DEL CONSUELO SANTOS ESPINOZA
21,001,C_PRI_PRD,PALOMA GUADALUPE GOICOECHEA RODRIGUEZ,ANGELINA DEL CONSUELO SANTOS ESPINOZA
21,001,C_PRI_PSI,PALOMA GUADALUPE GOICOECHEA RODRIGUEZ,ANGELINA DEL CONSUELO SANTOS ESPINOZA
21,001,C_PRD_PSI,PALOMA GUADALUPE GOICOECHEA RODRIGUEZ,ANGELINA DEL CONSUELO SANTOS ESPINOZA
21,001,C_PT_PVEM_MORENA_NAP_FXMP,LAURA GUADALUPE VARGAS VARGAS,LESLIE CASTRO TIENDA
21,001,C_PT_PVEM_MORENA_NAP,LAURA GUADALUPE VARGAS VARGAS,LESLIE CASTRO TIENDA
21,001,C_PT_PVEM_MORENA_FXMP,LAURA GUADALUPE VARGAS VARGAS,LESLIE CASTRO TIENDA
21,001,C_PT_PVEM_NAP_FXMP,LAURA GUADALUPE VARGAS VARGAS,LESLIE CASTRO TIENDA
21,001,C_PT_MORENA_NAP_FXMP,LAURA GUADALUPE VARGAS VARGAS,LESLIE CASTRO TIENDA
21,001,C_PVEM_MORENA_NAP_FXMP,LAURA GUADALUPE VARGAS VARGAS,LESLIE CASTRO TIENDA
21,001,C_PT_PVEM_MORENA,LAURA GUADALUPE VARGAS VARGAS,LESLIE CASTRO TIENDA
21,001,C_PT_PVEM_NAP,LAURA GUADALUPE VARGAS VARGAS,LESLIE CASTRO TIENDA
21,001,C_PT_PVEM_FXMP,LAURA GUADALUPE VARGAS VARGAS,LESLIE CASTRO TIENDA
21,001,C_PT_MORENA_NAP,LAURA GUADALUPE VARGAS VARGAS,LESLIE CASTRO TIENDA
21,001,C_PT_MORENA_FXMP,LAURA GUADALUPE VARGAS VARGAS,LESLIE CASTRO TIENDA
21,001,C_PT_NAP_FXMP,LAURA GUADALUPE VARGAS VARGAS,LESLIE CASTRO TIENDA
21,001,C_PVEM_MORENA_NAP,LAURA GUADALUPE VARGAS VARGAS,LESLIE CASTRO TIENDA
21,001,C_PVEM_MORENA_FXMP,LAURA GUADALUPE VARGAS VARGAS,LESLIE CASTRO TIENDA
21,001,C_PVEM_NAP_FXMP,LAURA GUADALUPE VARGAS VARGAS,LESLIE CASTRO TIENDA
21,001,C_MORENA_NAP_FXMP,LAURA GUADALUPE VARGAS VARGAS,LESLIE CASTRO TIENDA
21,001,C_PT_PVEM,LAURA GUADALUPE VARGAS VARGAS,LESLIE CASTRO TIENDA
21,001,C_PT_MORENA,LAURA GUADALUPE VARGAS VARGAS,LESLIE CASTRO TIENDA
21,001,C_PT_NAP,LAURA GUADALUPE VARGAS VARGAS,LESLIE CASTRO TIENDA
21,001,C_PT_FXMP,LAURA GUADALUPE VARGAS VARGAS,LESLIE CASTRO TIENDA
21,001,C_PVEM_MORENA,LAURA GUADALUPE VARGAS VARGAS,LESLIE CASTRO TIENDA
21,001,C_PVEM_NAP,LAURA GUADALUPE VARGAS VARGAS,LESLIE CASTRO TIENDA
21,001,C_PVEM_FXMP,LAURA GUADALUPE VARGAS VARGAS,LESLIE CASTRO TIENDA
21,001,C_MORENA_NAP,LAURA GUADALUPE VARGAS VARGAS,LESLIE CASTRO TIENDA
21,001,C_MORENA_FXMP,LAURA GUADALUPE VARGAS VARGAS,LESLIE CASTRO TIENDA
21,001,C_NAP_FXMP,LAURA GUADALUPE VARGAS VARGAS,LESLIE CASTRO TIENDA
21,002,PAN,FERMIN BAUTISTA MARTINEZ,SILVIA DEL CARMEN AHUMADA RODRIGUEZ
21,002,PRI,FERMIN BAUTISTA MARTINEZ,SILVIA DEL CARMEN AHUMADA RODRIGUEZ
21,002,PRD,FERMIN BAUTISTA MARTINEZ,SILVIA DEL CARMEN AHUMADA RODRIGUEZ
21,002,PT,MIGUEL MARQUEZ RIOS,ULISES ORTIZ BETANCOURT
21,002,PVEM,MIGUEL MARQUEZ RIOS,ULISES ORTIZ BETANCOURT
21,002,MC,ARANZASU LOPEZ VARGAS,BELDA GUADALUPE ORTEGA AGUIRRE
21,002,PSI,FERMIN BAUTISTA MARTINEZ,SILVIA DEL CARMEN AHUMADA RODRIGUEZ
21,002,MORENA,MIGUEL MARQUEZ RIOS,ULISES ORTIZ BETANCOURT
21,002,NAP,MIGUEL MARQUEZ RIOS,ULISES ORTIZ BETANCOURT
21,002,FXMP,MIGUEL MARQUEZ RIOS,ULISES ORTIZ BETANCOURT
21,002,C_PAN_PRI_PRD_PSI,FERMIN BAUTISTA MARTINEZ,SILVIA DEL CARMEN AHUMADA RODRIGUEZ
21,002,C_PAN_PRI_PRD,FERMIN BAUTISTA MARTINEZ,SILVIA DEL CARMEN AHUMADA RODRIGUEZ
21,002,C_PAN_PRI_PSI,FERMIN BAUTISTA MARTINEZ,SILVIA DEL CARMEN AHUMADA RODRIGUEZ
21,002,C_PAN_PRD_PSI,FERMIN BAUTISTA MARTINEZ,SILVIA DEL CARMEN AHUMADA RODRIGUEZ
21,002,C_PRI_PRD_PSI,FERMIN BAUTISTA MARTINEZ,SILVIA DEL CARMEN AHUMADA RODRIGUEZ
21,002,C_PAN_PRI,FERMIN BAUTISTA MARTINEZ,SILVIA DEL CARMEN AHUMADA RODRIGUEZ
21,002,C_PAN_PRD,FERMIN BAUTISTA MARTINEZ,SILVIA DEL CARMEN AHUMADA RODRIGUEZ
21,002,C_PAN_PSI,FERMIN BAUTISTA MARTINEZ,SILVIA DEL CARMEN AHUMADA RODRIGUEZ
21,002,C_PRI_PRD,FERMIN BAUTISTA MARTINEZ,SILVIA DEL CARMEN AHUMADA RODRIGUEZ
21,002,C_PRI_PSI,FERMIN BAUTISTA MARTINEZ,SILVIA DEL CARMEN AHUMADA RODRIGUEZ
21,002,C_PRD_PSI,FERMIN BAUTISTA MARTINEZ,SILVIA DEL CARMEN AHUMADA RODRIGUEZ
21,002,C_PT_PVEM_MORENA_NAP_FXMP,MIGUEL MARQUEZ RIOS,ULISES ORTIZ BETANCOURT
21,002,C_PT_PVEM_MORENA_NAP,MIGUEL MARQUEZ RIOS,ULISES ORTIZ BETANCOURT
21,002,C_PT_PVEM_MORENA_FXMP,MIGUEL MARQUEZ RIOS,ULISES ORTIZ BETANCOURT
21,002,C_PT_PVEM_NAP_FXMP,MIGUEL MARQUEZ RIOS,ULISES ORTIZ BETANCOURT
21,002,C_PT_MORENA_NAP_FXMP,MIGUEL MARQUEZ RIOS,ULISES ORTIZ BETANCOURT
21,002,C_PVEM_MORENA_NAP_FXMP,MIGUEL MARQUEZ RIOS,ULISES ORTIZ BETANCOURT
21,002,C_PT_PVEM_MORENA,MIGUEL MARQUEZ RIOS,ULISES ORTIZ BETANCOURT
21,002,C_PT_PVEM_NAP,MIGUEL MARQUEZ RIOS,ULISES ORTIZ BETANCOURT
21,002,C_PT_PVEM_FXMP,MIGUEL MARQUEZ RIOS,ULISES ORTIZ BETANCOURT
21,002,C_PT_MORENA_NAP,MIGUEL MARQUEZ RIOS,ULISES ORTIZ BETANCOURT
21,002,C_PT_MORENA_FXMP,MIGUEL MARQUEZ RIOS,ULISES ORTIZ BETANCOURT
21,002,C_PT_NAP_FXMP,MIGUEL MARQUEZ RIOS,ULISES ORTIZ BETANCOURT
21,002,C_PVEM_MORENA_NAP,MIGUEL MARQUEZ RIOS,ULISES ORTIZ BETANCOURT
21,002,C_PVEM_MORENA_FXMP,MIGUEL MARQUEZ RIOS,ULISES ORTIZ BETANCOURT
21,002,C_PVEM_NAP_FXMP,MIGUEL MARQUEZ RIOS,ULISES ORTIZ BETANCOURT
21,002,C_MORENA_NAP_FXMP,MIGUEL MARQUEZ RIOS,ULISES ORTIZ BETANCOURT
21,002,C_PT_PVEM,MIGUEL MARQUEZ RIOS,ULISES ORTIZ BETANCOURT
21,002,C_PT_MORENA,MIGUEL MARQUEZ RIOS,ULISES ORTIZ BETANCOURT
21,002,C_PT_NAP,MIGUEL MARQUEZ RIOS,ULISES ORTIZ BETANCOURT
21,002,C_PT_FXMP,MIGUEL MARQUEZ RIOS,ULISES ORTIZ BETANCOURT
21,002,C_PVEM_MORENA,MIGUEL MARQUEZ RIOS,ULISES ORTIZ BETANCOURT
21,002,C_PVEM_NAP,MIGUEL MARQUEZ RIOS,ULISES ORTIZ BETANCOURT
21,002,C_PVEM_FXMP,MIGUEL MARQUEZ RIOS,ULISES ORTIZ BETANCOURT
21,002,C_MORENA_NAP,MIGUEL MARQUEZ RIOS,ULISES ORTIZ BETANCOURT
21,002,C_MORENA_FXMP,MIGUEL MARQUEZ RIOS,ULISES ORTIZ BETANCOURT
21,002,C_NAP_FXMP,MIGUEL MARQUEZ RIOS,ULISES ORTIZ BETANCOURT
21,003,PAN,LORENZO RIVERA NAVA,CLEMENTE HECTOR GARCIA CUEVAS
21,003,PRI,LORENZO RIVERA NAVA,CLEMENTE HECTOR GARCIA CUEVAS
21,003,PRD,LORENZO RIVERA NAVA,CLEMENTE HECTOR GARCIA CUEVAS
21,003,PT,KATHYA SANCHEZ RODRIGUEZ,LESLIE GONZALEZ LUNA
21,003,PVEM,KATHYA SANCHEZ RODRIGUEZ,LESLIE GONZALEZ LUNA
21,003,MC,GUADALUPE HERLINDA ANAYA PEREZ,MARISOL PEREZ CALDERON
21,003,PSI,LORENZO RIVERA NAVA,CLEMENTE HECTOR GARCIA CUEVAS
21,003,MORENA,KATHYA SANCHEZ RODRIGUEZ,LESLIE GONZALEZ LUNA
21,003,NAP,KATHYA SANCHEZ RODRIGUEZ,LESLIE GONZALEZ LUNA
21,003,FXMP,KATHYA SANCHEZ RODRIGUEZ,LESLIE GONZALEZ LUNA
21,003,C_PAN_PRI_PRD_PSI,LORENZO RIVERA NAVA,CLEMENTE HECTOR GARCIA CUEVAS
21,003,C_PAN_PRI_PRD,LORENZO RIVERA NAVA,CLEMENTE HECTOR GARCIA CUEVAS
21,003,C_PAN_PRI_PSI,LORENZO RIVERA NAVA,CLEMENTE HECTOR GARCIA CUEVAS
21,003,C_PAN_PRD_PSI,LORENZO RIVERA NAVA,CLEMENTE HECTOR GARCIA CUEVAS
21,003,C_PRI_PRD_PSI,LORENZO RIVERA NAVA,CLEMENTE HECTOR GARCIA CUEVAS
21,003,C_PAN_PRI,LORENZO RIVERA NAVA,CLEMENTE HECTOR GARCIA CUEVAS
21,003,C_PAN_PRD,LORENZO RIVERA NAVA,CLEMENTE HECTOR GARCIA CUEVAS
21,003,C_PAN_PSI,LORENZO RIVERA NAVA,CLEMENTE HECTOR GARCIA CUEVAS
21,003,C_PRI_PRD,LORENZO RIVERA NAVA,CLEMENTE HECTOR GARCIA CUEVAS
21,003,C_PRI_PSI,LORENZO RIVERA NAVA,CLEMENTE HECTOR GARCIA CUEVAS
21,003,C_PRD_PSI,LORENZO RIVERA NAVA,CLEMENTE HECTOR GARCIA CUEVAS
21,003,C_PT_PVEM_MORENA_NAP_FXMP,KATHYA SANCHEZ RODRIGUEZ,LESLIE GONZALEZ LUNA
21,003,C_PT_PVEM_MORENA_NAP,KATHYA SANCHEZ RODRIGUEZ,LESLIE GONZALEZ LUNA
21,003,C_PT_PVEM_MORENA_FXMP,KATHYA SANCHEZ RODRIGUEZ,LESLIE GONZALEZ LUNA
21,003,C_PT_PVEM_NAP_FXMP,KATHYA SANCHEZ RODRIGUEZ,LESLIE GONZALEZ LUNA
21,003,C_PT_MORENA_NAP_FXMP,KATHYA SANCHEZ RODRIGUEZ,LESLIE GONZALEZ LUNA
21,003,C_PVEM_MORENA_NAP_FXMP,KATHYA SANCHEZ RODRIGUEZ,LESLIE GONZALEZ LUNA
21,003,C_PT_PVEM_MORENA,KATHYA SANCHEZ RODRIGUEZ,LESLIE GONZALEZ LUNA
21,003,C_PT_PVEM_NAP,KATHYA SANCHEZ RODRIGUEZ,LESLIE GONZALEZ LUNA
21,003,C_PT_PVEM_FXMP,KATHYA SANCHEZ RODRIGUEZ,LESLIE GONZALEZ LUNA
21,003,C_PT_MORENA_NAP,KATHYA SANCHEZ RODRIGUEZ,LESLIE GONZALEZ LUNA
21,003,C_PT_MORENA_FXMP,KATHYA SANCHEZ RODRIGUEZ,LESLIE GONZALEZ LUNA
21,003,C_PT_NAP_FXMP,KATHYA SANCHEZ RODRIGUEZ,LESLIE GONZALEZ LUNA
21,003,C_PVEM_MORENA_NAP,KATHYA SANCHEZ RODRIGUEZ,LESLIE GONZALEZ LUNA
21,003,C_PVEM_MORENA_FXMP,KATHYA SANCHEZ RODRIGUEZ,LESLIE GONZALEZ LUNA
21,003,C_PVEM_NAP_FXMP,KATHYA SANCHEZ RODRIGUEZ,LESLIE GONZALEZ LUNA
21,003,C_MORENA_NAP_FXMP,KATHYA SANCHEZ RODRIGUEZ,LESLIE GONZALEZ LUNA
21,003,C_PT_PVEM,KATHYA SANCHEZ RODRIGUEZ,LESLIE GONZALEZ LUNA
21,003,C_PT_MORENA,KATHYA SANCHEZ RODRIGUEZ,LESLIE GONZALEZ LUNA
21,003,C_PT_NAP,KATHYA SANCHEZ RODRIGUEZ,LESLIE GONZALEZ LUNA
21,003,C_PT_FXMP,KATHYA SANCHEZ RODRIGUEZ,LESLIE GONZALEZ LUNA
21,003,C_PVEM_MORENA,KATHYA SANCHEZ RODRIGUEZ,LESLIE GONZALEZ LUNA
21,003,C_PVEM_NAP,KATHYA SANCHEZ RODRIGUEZ,LESLIE GONZALEZ LUNA
21,003,C_PVEM_FXMP,KATHYA SANCHEZ RODRIGUEZ,LESLIE GONZALEZ LUNA
21,003,C_MORENA_NAP,KATHYA SANCHEZ RODRIGUEZ,LESLIE GONZALEZ LUNA
21,003,C_MORENA_FXMP,KATHYA SANCHEZ RODRIGUEZ,LESLIE GONZALEZ LUNA
21,003,C_NAP_FXMP,KATHYA SANCHEZ RODRIGUEZ,LESLIE GONZALEZ LUNA
21,004,PAN,DANNA JOSSELINE GUERRERO DIAZ,IRENE ESPERANZA LUNA GODOS
21,004,PRI,DANNA JOSSELINE GUERRERO DIAZ,IRENE ESPERANZA LUNA GODOS
21,004,PRD,DANNA JOSSELINE GUERRERO DIAZ,IRENE ESPERANZA LUNA GODOS
21,004,PT,ESTHER MARTINEZ ROMANO,ANITA HERNANDEZ MORALES
21,004,PVEM,ESTHER MARTINEZ ROMANO,ANITA HERNANDEZ MORALES
21,004,MC,BERENICE LOPEZ JAIMES,JANIN JENYFER GRANO BARAJAS
21,004,PSI,DANNA JOSSELINE GUERRERO DIAZ,IRENE ESPERANZA LUNA GODOS
21,004,MORENA,ESTHER MARTINEZ ROMANO,ANITA HERNANDEZ MORALES
21,004,NAP,ESTHER MARTINEZ ROMANO,ANITA HERNANDEZ MORALES
21,004,FXMP,ESTHER MARTINEZ ROMANO,ANITA HERNANDEZ MORALES
21,004,C_PAN_PRI_PRD_PSI,DANNA JOSSELINE GUERRERO DIAZ,IRENE ESPERANZA LUNA GODOS
21,004,C_PAN_PRI_PRD,DANNA JOSSELINE GUERRERO DIAZ,IRENE ESPERANZA LUNA GODOS
21,004,C_PAN_PRI_PSI,DANNA JOSSELINE GUERRERO DIAZ,IRENE ESPERANZA LUNA GODOS
21,004,C_PAN_PRD_PSI,DANNA JOSSELINE GUERRERO DIAZ,IRENE ESPERANZA LUNA GODOS
21,004,C_PRI_PRD_PSI,DANNA JOSSELINE GUERRERO DIAZ,IRENE ESPERANZA LUNA GODOS
21,004,C_PAN_PRI,DANNA JOSSELINE GUERRERO DIAZ,IRENE ESPERANZA LUNA GODOS
21,004,C_PAN_PRD,DANNA JOSSELINE GUERRERO DIAZ,IRENE ESPERANZA LUNA GODOS
21,004,C_PAN_PSI,DANNA JOSSELINE GUERRERO DIAZ,IRENE ESPERANZA LUNA GODOS
21,004,C_PRI_PRD,DANNA JOSSELINE GUERRERO DIAZ,IRENE ESPERANZA LUNA GODOS
21,004,C_PRI_PSI,DANNA JOSSELINE GUERRERO DIAZ,IRENE ESPERANZA LUNA GODOS
21,004,C_PRD_PSI,DANNA JOSSELINE GUERRERO DIAZ,IRENE ESPERANZA LUNA GODOS
21,004,C_PT_PVEM_MORENA_NAP_FXMP,ESTHER MARTINEZ ROMANO,ANITA HERNANDEZ MORALES
21,004,C_PT_PVEM_MORENA_NAP,ESTHER MARTINEZ ROMANO,ANITA HERNANDEZ MORALES
21,004,C_PT_PVEM_MORENA_FXMP,ESTHER MARTINEZ ROMANO,ANITA HERNANDEZ MORALES
21,004,C_PT_PVEM_NAP_FXMP,ESTHER MARTINEZ ROMANO,ANITA HERNANDEZ MORALES
21,004,C_PT_MORENA_NAP_FXMP,ESTHER MARTINEZ ROMANO,ANITA HERNANDEZ MORALES
21,004,C_PVEM_MORENA_NAP_FXMP,ESTHER MARTINEZ ROMANO,ANITA HERNANDEZ MORALES
21,004,C_PT_PVEM_MORENA,ESTHER MARTINEZ ROMANO,ANITA HERNANDEZ MORALES
21,004,C_PT_PVEM_NAP,ESTHER MARTINEZ ROMANO,ANITA HERNANDEZ MORALES
21,004,C_PT_PVEM_FXMP,ESTHER MARTINEZ ROMANO,ANITA HERNANDEZ MORALES
21,004,C_PT_MORENA_NAP,ESTHER MARTINEZ ROMANO,ANITA HERNANDEZ MORALES
21,004,C_PT_MORENA_FXMP,ESTHER MARTINEZ ROMANO,ANITA HERNANDEZ MORALES
21,004,C_PT_NAP_FXMP,ESTHER MARTINEZ ROMANO,ANITA HERNANDEZ MORALES
21,004,C_PVEM_MORENA_NAP,ESTHER MARTINEZ ROMANO,ANITA HERNANDEZ MORALES
21,004,C_PVEM_MORENA_FXMP,ESTHER MARTINEZ ROMANO,ANITA HERNANDEZ MORALES
21,004,C_PVEM_NAP_FXMP,ESTHER MARTINEZ ROMANO,ANITA HERNANDEZ MORALES
21,004,C_MORENA_NAP_FXMP,ESTHER MARTINEZ ROMANO,ANITA HERNANDEZ MORALES
21,004,C_PT_PVEM,ESTHER MARTINEZ ROMANO,ANITA HERNANDEZ MORALES
21,004,C_PT_MORENA,ESTHER MARTINEZ ROMANO,ANITA HERNANDEZ MORALES
21,004,C_PT_NAP,ESTHER MARTINEZ ROMANO,ANITA HERNANDEZ MORALES
21,004,C_PT_FXMP,ESTHER MARTINEZ ROMANO,ANITA HERNANDEZ MORALES
21,004,C_PVEM_MORENA,ESTHER MARTINEZ ROMANO,ANITA HERNANDEZ MORALES
21,004,C_PVEM_NAP,ESTHER MARTINEZ ROMANO,ANITA HERNANDEZ MORALES
21,004,C_PVEM_FXMP,ESTHER MARTINEZ ROMANO,ANITA HERNANDEZ MORALES
21,004,C_MORENA_NAP,ESTHER MARTINEZ ROMANO,ANITA HERNANDEZ MORALES
21,004,C_MORENA_FXMP,ESTHER MARTINEZ ROMANO,ANITA HERNANDEZ MORALES
21,004,C_NAP_FXMP,ESTHER MARTINEZ ROMANO,ANITA HERNANDEZ MORALES
21,005,PAN,ELIANA BONILLA CARMONA,MARIA CRISTINA CHACON GARCIA
21,005,PRI,ELIANA BONILLA CARMONA,MARIA CRISTINA CHACON GARCIA
21,005,PRD,ELIANA BONILLA CARMONA,MARIA CRISTINA CHACON GARCIA
21,005,PT,ELPIDIO DIAZ ESCOBAR,GUSTAVO TENIZA REYES
21,005,PVEM,ELPIDIO DIAZ ESCOBAR,GUSTAVO TENIZA REYES
21,005,MC,PAULINA REYES HERNANDEZ,GRACIELA ALDAVE HERNANDEZ
21,005,PSI,ELIANA BONILLA CARMONA,MARIA CRISTINA CHACON GARCIA
21,005,MORENA,ELPIDIO DIAZ ESCOBAR,GUSTAVO TENIZA REYES
21,005,NAP,ELPIDIO DIAZ ESCOBAR,GUSTAVO TENIZA REYES
21,005,FXMP,ELPIDIO DIAZ ESCOBAR,GUSTAVO TENIZA REYES
21,005,C_PAN_PRI_PRD_PSI,ELIANA BONILLA CARMONA,MARIA CRISTINA CHACON GARCIA
21,005,C_PAN_PRI_PRD,ELIANA BONILLA CARMONA,MARIA CRISTINA CHACON GARCIA
21,005,C_PAN_PRI_PSI,ELIANA BONILLA CARMONA,MARIA CRISTINA CHACON GARCIA
21,005,C_PAN_PRD_PSI,ELIANA BONILLA CARMONA,MARIA CRISTINA CHACON GARCIA
21,005,C_PRI_PRD_PSI,ELIANA BONILLA CARMONA,MARIA CRISTINA CHACON GARCIA
21,005,C_PAN_PRI,ELIANA BONILLA CARMONA,MARIA CRISTINA CHACON GARCIA
21,005,C_PAN_PRD,ELIANA BONILLA CARMONA,MARIA CRISTINA CHACON GARCIA
21,005,C_PAN_PSI,ELIANA BONILLA CARMONA,MARIA CRISTINA CHACON GARCIA
21,005,C_PRI_PRD,ELIANA BONILLA CARMONA,MARIA CRISTINA CHACON GARCIA
21,005,C_PRI_PSI,ELIANA BONILLA CARMONA,MARIA CRISTINA CHACON GARCIA
21,005,C_PRD_PSI,ELIANA BONILLA CARMONA,MARIA CRISTINA CHACON GARCIA
21,005,C_PT_PVEM_MORENA_NAP_FXMP,ELPIDIO DIAZ ESCOBAR,GUSTAVO TENIZA REYES
21,005,C_PT_PVEM_MORENA_NAP,ELPIDIO DIAZ ESCOBAR,GUSTAVO TENIZA REYES
21,005,C_PT_PVEM_MORENA_FXMP,ELPIDIO DIAZ ESCOBAR,GUSTAVO TENIZA REYES
21,005,C_PT_PVEM_NAP_FXMP,ELPIDIO DIAZ ESCOBAR,GUSTAVO TENIZA REYES
21,005,C_PT_MORENA_NAP_FXMP,ELPIDIO DIAZ ESCOBAR,GUSTAVO TENIZA REYES
21,005,C_PVEM_MORENA_NAP_FXMP,ELPIDIO DIAZ ESCOBAR,GUSTAVO TENIZA REYES
21,005,C_PT_PVEM_MORENA,ELPIDIO DIAZ ESCOBAR,GUSTAVO TENIZA REYES
21,005,C_PT_PVEM_NAP,ELPIDIO DIAZ ESCOBAR,GUSTAVO TENIZA REYES
21,005,C_PT_PVEM_FXMP,ELPIDIO DIAZ ESCOBAR,GUSTAVO TENIZA REYES
21,005,C_PT_MORENA_NAP,ELPIDIO DIAZ ESCOBAR,GUSTAVO TENIZA REYES
21,005,C_PT_MORENA_FXMP,ELPIDIO DIAZ ESCOBAR,GUSTAVO TENIZA REYES
21,005,C_PT_NAP_FXMP,ELPIDIO DIAZ ESCOBAR,GUSTAVO TENIZA REYES
21,005,C_PVEM_MORENA_NAP,ELPIDIO DIAZ ESCOBAR,GUSTAVO TENIZA REYES
21,005,C_PVEM_MORENA_FXMP,ELPIDIO DIAZ ESCOBAR,GUSTAVO TENIZA REYES
21,005,C_PVEM_NAP_FXMP,ELPIDIO DIAZ ESCOBAR,GUSTAVO TENIZA REYES
21,005,C_MORENA_NAP_FXMP,ELPIDIO DIAZ ESCOBAR,GUSTAVO TENIZA REYES
21,005,C_PT_PVEM,ELPIDIO DIAZ ESCOBAR,GUSTAVO TENIZA REYES
21,005,C_PT_MORENA,ELPIDIO DIAZ ESCOBAR,GUSTAVO TENIZA REYES
21,005,C_PT_NAP,ELPIDIO DIAZ ESCOBAR,GUSTAVO TENIZA REYES
21,005,C_PT_FXMP,ELPIDIO DIAZ ESCOBAR,GUSTAVO TENIZA REYES
21,005,C_PVEM_MORENA,ELPIDIO DIAZ ESCOBAR,GUSTAVO TENIZA REYES
21,005,C_PVEM_NAP,ELPIDIO DIAZ ESCOBAR,GUSTAVO TENIZA REYES
21,005,C_PVEM_FXMP,ELPIDIO DIAZ ESCOBAR,GUSTAVO TENIZA REYES
21,005,C_MORENA_NAP,ELPIDIO DIAZ ESCOBAR,GUSTAVO TENIZA REYES
21,005,C_MORENA_FXMP,ELPIDIO DIAZ ESCOBAR,GUSTAVO TENIZA REYES
21,005,C_NAP_FXMP,ELPIDIO DIAZ ESCOBAR,GUSTAVO TENIZA REYES
21,006,PAN,CARLOS HERRERA GONZALEZ,VALERIA MARIN MENDOZA
21,006,PRI,CARLOS HERRERA GONZALEZ,VALERIA MARIN MENDOZA
21,006,PRD,CARLOS HERRERA GONZALEZ,VALERIA MARIN MENDOZA
21,006,PT,FLORICEL GONZALEZ MENDEZ,GUADALUPE MARTINEZ ROMERO
21,006,PVEM,FLORICEL GONZALEZ MENDEZ,GUADALUPE MARTINEZ ROMERO
21,006,MC,MARIA DEL CARMEN CAJICA LOPEZ,LORELEI ADZUIRA CANTO PALACIOS
21,006,PSI,CARLOS HERRERA GONZALEZ,VALERIA MARIN MENDOZA
21,006,MORENA,FLORICEL GONZALEZ MENDEZ,GUADALUPE MARTINEZ ROMERO
21,006,NAP,FLORICEL GONZALEZ MENDEZ,GUADALUPE MARTINEZ ROMERO
21,006,FXMP,FLORICEL GONZALEZ MENDEZ,GUADALUPE MARTINEZ ROMERO
21,006,C_PAN_PRI_PRD_PSI,CARLOS HERRERA GONZALEZ,VALERIA MARIN MENDOZA
21,006,C_PAN_PRI_PRD,CARLOS HERRERA GONZALEZ,VALERIA MARIN MENDOZA
21,006,C_PAN_PRI_PSI,CARLOS HERRERA GONZALEZ,VALERIA MARIN MENDOZA
21,006,C_PAN_PRD_PSI,CARLOS HERRERA GONZALEZ,VALERIA MARIN MENDOZA
21,006,C_PRI_PRD_PSI,CARLOS HERRERA GONZALEZ,VALERIA MARIN MENDOZA
21,006,C_PAN_PRI,CARLOS HERRERA GONZALEZ,VALERIA MARIN MENDOZA
21,006,C_PAN_PRD,CARLOS HERRERA GONZALEZ,VALERIA MARIN MENDOZA
21,006,C_PAN_PSI,CARLOS HERRERA GONZALEZ,VALERIA MARIN MENDOZA
21,006,C_PRI_PRD,CARLOS HERRERA GONZALEZ,VALERIA MARIN MENDOZA
21,006,C_PRI_PSI,CARLOS HERRERA GONZALEZ,VALERIA MARIN MENDOZA
21,006,C_PRD_PSI,CARLOS HERRERA GONZALEZ,VALERIA MARIN MENDOZA
21,006,C_PT_PVEM_MORENA_NAP_FXMP,FLORICEL GONZALEZ MENDEZ,GUADALUPE MARTINEZ ROMERO
21,006,C_PT_PVEM_MORENA_NAP,FLORICEL GONZALEZ MENDEZ,GUADALUPE MARTINEZ ROMERO
21,006,C_PT_PVEM_MORENA_FXMP,FLORICEL GONZALEZ MENDEZ,GUADALUPE MARTINEZ ROMERO
21,006,C_PT_PVEM_NAP_FXMP,FLORICEL GONZALEZ MENDEZ,GUADALUPE MARTINEZ ROMERO
21,006,C_PT_MORENA_NAP_FXMP,FLORICEL GONZALEZ MENDEZ,GUADALUPE MARTINEZ ROMERO
21,006,C_PVEM_MORENA_NAP_FXMP,FLORICEL GONZALEZ MENDEZ,GUADALUPE MARTINEZ ROMERO
21,006,C_PT_PVEM_MORENA,FLORICEL GONZALEZ MENDEZ,GUADALUPE MARTINEZ ROMERO
21,006,C_PT_PVEM_NAP,FLORICEL GONZALEZ MENDEZ,GUADALUPE MARTINEZ ROMERO
21,006,C_PT_PVEM_FXMP,FLORICEL GONZALEZ MENDEZ,GUADALUPE MARTINEZ ROMERO
21,006,C_PT_MORENA_NAP,FLORICEL GONZALEZ MENDEZ,GUADALUPE MARTINEZ ROMERO
21,006,C_PT_MORENA_FXMP,FLORICEL GONZALEZ MENDEZ,GUADALUPE MARTINEZ ROMERO
21,006,C_PT_NAP_FXMP,FLORICEL GONZALEZ MENDEZ,GUADALUPE MARTINEZ ROMERO
21,006,C_PVEM_MORENA_NAP,FLORICEL GONZALEZ MENDEZ,GUADALUPE MARTINEZ ROMERO
21,006,C_PVEM_MORENA_FXMP,FLORICEL GONZALEZ MENDEZ,GUADALUPE MARTINEZ ROMERO
21,006,C_PVEM_NAP_FXMP,FLORICEL GONZALEZ MENDEZ,GUADALUPE MARTINEZ ROMERO
21,006,C_MORENA_NAP_FXMP,FLORICEL GONZALEZ MENDEZ,GUADALUPE MARTINEZ ROMERO
21,006,C_PT_PVEM,FLORICEL GONZALEZ MENDEZ,GUADALUPE MARTINEZ ROMERO
21,006,C_PT_MORENA,FLORICEL GONZALEZ MENDEZ,GUADALUPE MARTINEZ ROMERO
21,006,C_PT_NAP,FLORICEL GONZALEZ MENDEZ,GUADALUPE MARTINEZ ROMERO
21,006,C_PT_FXMP,FLORICEL GONZALEZ MENDEZ,GUADALUPE MARTINEZ ROMERO
21,006,C_PVEM_MORENA,FLORICEL GONZALEZ MENDEZ,GUADALUPE MARTINEZ ROMERO
21,006,C_PVEM_NAP,FLORICEL GONZALEZ MENDEZ,GUADALUPE MARTINEZ ROMERO
21,006,C_PVEM_FXMP,FLORICEL GONZALEZ MENDEZ,GUADALUPE MARTINEZ ROMERO
21,006,C_MORENA_NAP,FLORICEL GONZALEZ MENDEZ,GUADALUPE MARTINEZ ROMERO
21,006,C_MORENA_FXMP,FLORICEL GONZALEZ MENDEZ,GUADALUPE MARTINEZ ROMERO
21,006,C_NAP_FXMP,FLORICEL GONZALEZ MENDEZ,GUADALUPE MARTINEZ ROMERO
21,007,PAN,GUSTAVO CEBADA MAGAÑA,ALBERTO NAJERA PEREZ
21,007,PRI,MACIEL DAMIAN CRUZ,MA. ISABEL ZARATE HERNANDEZ
21,007,PRD,GUSTAVO CEBADA MAGAÑA,ALBERTO NAJERA PEREZ
21,007,PT,GUADALUPE YAMAK TAJA,ELENA JANET PEREZ CARVAJAL
21,007,PVEM,GUADALUPE YAMAK TAJA,ELENA JANET PEREZ CARVAJAL
21,007,MC,ALEJANDRO FLORES BORJAS,RICARDO ALBERTO MACIP GARCIA
21,007,PSI,GUSTAVO CEBADA MAGAÑA,ALBERTO NAJERA PEREZ
21,007,MORENA,GUADALUPE YAMAK TAJA,ELENA JANET PEREZ CARVAJAL
21,007,NAP,GUADALUPE YAMAK TAJA,ELENA JANET PEREZ CARVAJAL
21,007,FXMP,GUADALUPE YAMAK TAJA,ELENA JANET PEREZ CARVAJAL
21,007,C_PAN_PRD_PSI,GUSTAVO CEBADA MAGAÑA,ALBERTO NAJERA PEREZ
21,007,C_PAN_PRD,GUSTAVO CEBADA MAGAÑA,ALBERTO NAJERA PEREZ
21,007,C_PAN_PSI,GUSTAVO CEBADA MAGAÑA,ALBERTO NAJERA PEREZ
21,007,C_PRD_PSI,GUSTAVO CEBADA MAGAÑA,ALBERTO NAJERA PEREZ
21,007,C_PT_PVEM_MORENA_NAP_FXMP,GUADALUPE YAMAK TAJA,ELENA JANET PEREZ CARVAJAL
21,007,C_PT_PVEM_MORENA_NAP,GUADALUPE YAMAK TAJA,ELENA JANET PEREZ CARVAJAL
21,007,C_PT_PVEM_MORENA_FXMP,GUADALUPE YAMAK TAJA,ELENA JANET PEREZ CARVAJAL
21,007,C_PT_PVEM_NAP_FXMP,GUADALUPE YAMAK TAJA,ELENA JANET PEREZ CARVAJAL
21,007,C_PT_MORENA_NAP_FXMP,GUADALUPE YAMAK TAJA,ELENA JANET PEREZ CARVAJAL
21,007,C_PVEM_MORENA_NAP_FXMP,GUADALUPE YAMAK TAJA,ELENA JANET PEREZ CARVAJAL
21,007,C_PT_PVEM_MORENA,GUADALUPE YAMAK TAJA,ELENA JANET PEREZ CARVAJAL
21,007,C_PT_PVEM_NAP,GUADALUPE YAMAK TAJA,ELENA JANET PEREZ CARVAJAL
21,007,C_PT_PVEM_FXMP,GUADALUPE YAMAK TAJA,ELENA JANET PEREZ CARVAJAL
21,007,C_PT_MORENA_NAP,GUADALUPE YAMAK TAJA,ELENA JANET PEREZ CARVAJAL
21,007,C_PT_MORENA_FXMP,GUADALUPE YAMAK TAJA,ELENA JANET PEREZ CARVAJAL
21,007,C_PT_NAP_FXMP,GUADALUPE YAMAK TAJA,ELENA JANET PEREZ CARVAJAL
21,007,C_PVEM_MORENA_NAP,GUADALUPE YAMAK TAJA,ELENA JANET PEREZ CARVAJAL
21,007,C_PVEM_MORENA_FXMP,GUADALUPE YAMAK TAJA,ELENA JANET PEREZ CARVAJAL
21,007,C_PVEM_NAP_FXMP,GUADALUPE YAMAK TAJA,ELENA JANET PEREZ CARVAJAL
21,007,C_MORENA_NAP_FXMP,GUADALUPE YAMAK TAJA,ELENA JANET PEREZ CARVAJAL
21,007,C_PT_PVEM,GUADALUPE YAMAK TAJA,ELENA JANET PEREZ CARVAJAL
21,007,C_PT_MORENA,GUADALUPE YAMAK TAJA,ELENA JANET PEREZ CARVAJAL
21,007,C_PT_NAP,GUADALUPE YAMAK TAJA,ELENA JANET PEREZ CARVAJAL
21,007,C_PT_FXMP,GUADALUPE YAMAK TAJA,ELENA JANET PEREZ CARVAJAL
21,007,C_PVEM_MORENA,GUADALUPE YAMAK TAJA,ELENA JANET PEREZ CARVAJAL
21,007,C_PVEM_NAP,GUADALUPE YAMAK TAJA,ELENA JANET PEREZ CARVAJAL
21,007,C_PVEM_FXMP,GUADALUPE YAMAK TAJA,ELENA JANET PEREZ CARVAJAL
21,007,C_MORENA_NAP,GUADALUPE YAMAK TAJA,ELENA JANET PEREZ CARVAJAL
21,007,C_MORENA_FXMP,GUADALUPE YAMAK TAJA,ELENA JANET PEREZ CARVAJAL
21,007,C_NAP_FXMP,GUADALUPE YAMAK TAJA,ELENA JANET PEREZ CARVAJAL
21,008,PAN,YESIKA MENESES ORTEGA,BRITANY MARISOL PONCE PEREZ
21,008,PRI,YESIKA MENESES ORTEGA,BRITANY MARISOL PONCE PEREZ
21,008,PRD,YESIKA MENESES ORTEGA,BRITANY MARISOL PONCE PEREZ
21,008,PT,ANGELICA PATRICIA ALVARADO JUAREZ,BELEN CINTO BERNAL
21,008,PVEM,ANGELICA PATRICIA ALVARADO JUAREZ,BELEN CINTO BERNAL
21,008,MC,LUCERITO MUÑOZ MONTERO,KARINA SALOMA CORONA
21,008,PSI,YESIKA MENESES ORTEGA,BRITANY MARISOL PONCE PEREZ
21,008,MORENA,ANGELICA PATRICIA ALVARADO JUAREZ,BELEN CINTO BERNAL
21,008,NAP,ANGELICA PATRICIA ALVARADO JUAREZ,BELEN CINTO BERNAL
21,008,FXMP,ANGELICA PATRICIA ALVARADO JUAREZ,BELEN CINTO BERNAL
21,008,C_PAN_PRI_PRD_PSI,YESIKA MENESES ORTEGA,BRITANY MARISOL PONCE PEREZ
21,008,C_PAN_PRI_PRD,YESIKA MENESES ORTEGA,BRITANY MARISOL PONCE PEREZ
21,008,C_PAN_PRI_PSI,YESIKA MENESES ORTEGA,BRITANY MARISOL PONCE PEREZ
21,008,C_PAN_PRD_PSI,YESIKA MENESES ORTEGA,BRITANY MARISOL PONCE PEREZ
21,008,C_PRI_PRD_PSI,YESIKA MENESES ORTEGA,BRITANY MARISOL PONCE PEREZ
21,008,C_PAN_PRI,YESIKA MENESES ORTEGA,BRITANY MARISOL PONCE PEREZ
21,008,C_PAN_PRD,YESIKA MENESES ORTEGA,BRITANY MARISOL PONCE PEREZ
21,008,C_PAN_PSI,YESIKA MENESES ORTEGA,BRITANY MARISOL PONCE PEREZ
21,008,C_PRI_PRD,YESIKA MENESES ORTEGA,BRITANY MARISOL PONCE PEREZ
21,008,C_PRI_PSI,YESIKA MENESES ORTEGA,BRITANY MARISOL PONCE PEREZ
21,008,C_PRD_PSI,YESIKA MENESES ORTEGA,BRITANY MARISOL PONCE PEREZ
21,008,C_PT_PVEM_MORENA_NAP_FXMP,ANGELICA PATRICIA ALVARADO JUAREZ,BELEN CINTO BERNAL
21,008,C_PT_PVEM_MORENA_NAP,ANGELICA PATRICIA ALVARADO JUAREZ,BELEN CINTO BERNAL
21,008,C_PT_PVEM_MORENA_FXMP,ANGELICA PATRICIA ALVARADO JUAREZ,BELEN CINTO BERNAL
21,008,C_PT_PVEM_NAP_FXMP,ANGELICA PATRICIA ALVARADO JUAREZ,BELEN CINTO BERNAL
21,008,C_PT_MORENA_NAP_FXMP,ANGELICA PATRICIA ALVARADO JUAREZ,BELEN CINTO BERNAL
21,008,C_PVEM_MORENA_NAP_FXMP,ANGELICA PATRICIA ALVARADO JUAREZ,BELEN CINTO BERNAL
21,008,C_PT_PVEM_MORENA,ANGELICA PATRICIA ALVARADO JUAREZ,BELEN CINTO BERNAL
21,008,C_PT_PVEM_NAP,ANGELICA PATRICIA ALVARADO JUAREZ,BELEN CINTO BERNAL
21,008,C_PT_PVEM_FXMP,ANGELICA PATRICIA ALVARADO JUAREZ,BELEN CINTO BERNAL
21,008,C_PT_MORENA_NAP,ANGELICA PATRICIA ALVARADO JUAREZ,BELEN CINTO BERNAL
21,008,C_PT_MORENA_FXMP,ANGELICA PATRICIA ALVARADO JUAREZ,BELEN CINTO BERNAL
21,008,C_PT_NAP_FXMP,ANGELICA PATRICIA ALVARADO JUAREZ,BELEN CINTO BERNAL
21,008,C_PVEM_MORENA_NAP,ANGELICA PATRICIA ALVARADO JUAREZ,BELEN CINTO BERNAL
21,008,C_PVEM_MORENA_FXMP,ANGELICA PATRICIA ALVARADO JUAREZ,BELEN CINTO BERNAL
21,008,C_PVEM_NAP_FXMP,ANGELICA PATRICIA ALVARADO JUAREZ,BELEN CINTO BERNAL
21,008,C_MORENA_NAP_FXMP,ANGELICA PATRICIA ALVARADO JUAREZ,BELEN CINTO BERNAL
21,008,C_PT_PVEM,ANGELICA PATRICIA ALVARADO JUAREZ,BELEN CINTO BERNAL
21,008,C_PT_MORENA,ANGELICA PATRICIA ALVARADO JUAREZ,BELEN CINTO BERNAL
21,008,C_PT_NAP,ANGELICA PATRICIA ALVARADO JUAREZ,BELEN CINTO BERNAL
21,008,C_PT_FXMP,ANGELICA PATRICIA ALVARADO JUAREZ,BELEN CINTO BERNAL
21,008,C_PVEM_MORENA,ANGELICA PATRICIA ALVARADO JUAREZ,BELEN CINTO BERNAL
21,008,C_PVEM_NAP,ANGELICA PATRICIA ALVARADO JUAREZ,BELEN CINTO BERNAL
21,008,C_PVEM_FXMP,ANGELICA PATRICIA ALVARADO JUAREZ,BELEN CINTO BERNAL
21,008,C_MORENA_NAP,ANGELICA PATRICIA ALVARADO JUAREZ,BELEN CINTO BERNAL
21,008,C_MORENA_FXMP,ANGELICA PATRICIA ALVARADO JUAREZ,BELEN CINTO BERNAL
21,008,C_NAP_FXMP,ANGELICA PATRICIA ALVARADO JUAREZ,BELEN CINTO BERNAL
21,009,PAN,VICTOR CUAXILOA VICENT,ERNESTO MIGUEL GARCIA CHOLULA
21,009,PRI,VICTOR CUAXILOA VICENT,ERNESTO MIGUEL GARCIA CHOLULA
21,009,PRD,VICTOR CUAXILOA VICENT,ERNESTO MIGUEL GARCIA CHOLULA
21,009,PT,NORMA ESTELA PIMENTEL MENDEZ,DAFNE GASPAR SANTA MARIA
21,009,PVEM,NORMA ESTELA PIMENTEL MENDEZ,DAFNE GASPAR SANTA MARIA
21,009,MC,JORGE ANTONIO LEAL RODRIGUEZ,MAYRA MORENO GUTIERREZ
21,009,PSI,VICTOR CUAXILOA VICENT,ERNESTO MIGUEL GARCIA CHOLULA
21,009,MORENA,NORMA ESTELA PIMENTEL MENDEZ,DAFNE GASPAR SANTA MARIA
21,009,NAP,NORMA ESTELA PIMENTEL MENDEZ,DAFNE GASPAR SANTA MARIA
21,009,FXMP,NORMA ESTELA PIMENTEL MENDEZ,DAFNE GASPAR SANTA MARIA
21,009,C_PAN_PRI_PRD_PSI,VICTOR CUAXILOA VICENT,ERNESTO MIGUEL GARCIA CHOLULA
21,009,C_PAN_PRI_PRD,VICTOR CUAXILOA VICENT,ERNESTO MIGUEL GARCIA CHOLULA
21,009,C_PAN_PRI_PSI,VICTOR CUAXILOA VICENT,ERNESTO MIGUEL GARCIA CHOLULA
21,009,C_PAN_PRD_PSI,VICTOR CUAXILOA VICENT,ERNESTO MIGUEL GARCIA CHOLULA
21,009,C_PRI_PRD_PSI,VICTOR CUAXILOA VICENT,ERNESTO MIGUEL GARCIA CHOLULA
21,009,C_PAN_PRI,VICTOR CUAXILOA VICENT,ERNESTO MIGUEL GARCIA CHOLULA
21,009,C_PAN_PRD,VICTOR CUAXILOA VICENT,ERNESTO MIGUEL GARCIA CHOLULA
21,009,C_PAN_PSI,VICTOR CUAXILOA VICENT,ERNESTO MIGUEL GARCIA CHOLULA
21,009,C_PRI_PRD,VICTOR CUAXILOA VICENT,ERNESTO MIGUEL GARCIA CHOLULA
21,009,C_PRI_PSI,VICTOR CUAXILOA VICENT,ERNESTO MIGUEL GARCIA CHOLULA
21,009,C_PRD_PSI,VICTOR CUAXILOA VICENT,ERNESTO MIGUEL GARCIA CHOLULA
21,009,C_PT_PVEM_MORENA_NAP_FXMP,NORMA ESTELA PIMENTEL MENDEZ,DAFNE GASPAR SANTA MARIA
21,009,C_PT_PVEM_MORENA_NAP,NORMA ESTELA PIMENTEL MENDEZ,DAFNE GASPAR SANTA MARIA
21,009,C_PT_PVEM_MORENA_FXMP,NORMA ESTELA PIMENTEL MENDEZ,DAFNE GASPAR SANTA MARIA
21,009,C_PT_PVEM_NAP_FXMP,NORMA ESTELA PIMENTEL MENDEZ,DAFNE GASPAR SANTA MARIA
21,009,C_PT_MORENA_NAP_FXMP,NORMA ESTELA PIMENTEL MENDEZ,DAFNE GASPAR SANTA MARIA
21,009,C_PVEM_MORENA_NAP_FXMP,NORMA ESTELA PIMENTEL MENDEZ,DAFNE GASPAR SANTA MARIA
21,009,C_PT_PVEM_MORENA,NORMA ESTELA PIMENTEL MENDEZ,DAFNE GASPAR SANTA MARIA
21,009,C_PT_PVEM_NAP,NORMA ESTELA PIMENTEL MENDEZ,DAFNE GASPAR SANTA MARIA
21,009,C_PT_PVEM_FXMP,NORMA ESTELA PIMENTEL MENDEZ,DAFNE GASPAR SANTA MARIA
21,009,C_PT_MORENA_NAP,NORMA ESTELA PIMENTEL MENDEZ,DAFNE GASPAR SANTA MARIA
21,009,C_PT_MORENA_FXMP,NORMA ESTELA PIMENTEL MENDEZ,DAFNE GASPAR SANTA MARIA
21,009,C_PT_NAP_FXMP,NORMA ESTELA PIMENTEL MENDEZ,DAFNE GASPAR SANTA MARIA
21,009,C_PVEM_MORENA_NAP,NORMA ESTELA PIMENTEL MENDEZ,DAFNE GASPAR SANTA MARIA
21,009,C_PVEM_MORENA_FXMP,NORMA ESTELA PIMENTEL MENDEZ,DAFNE GASPAR SANTA MARIA
21,009,C_PVEM_NAP_FXMP,NORMA ESTELA PIMENTEL MENDEZ,DAFNE GASPAR SANTA MARIA
21,009,C_MORENA_NAP_FXMP,NORMA ESTELA PIMENTEL MENDEZ,DAFNE GASPAR SANTA MARIA
21,009,C_PT_PVEM,NORMA ESTELA PIMENTEL MENDEZ,DAFNE GASPAR SANTA MARIA
21,009,C_PT_MORENA,NORMA ESTELA PIMENTEL MENDEZ,DAFNE GASPAR SANTA MARIA
21,009,C_PT_NAP,NORMA ESTELA PIMENTEL MENDEZ,DAFNE GASPAR SANTA MARIA
21,009,C_PT_FXMP,NORMA ESTELA PIMENTEL MENDEZ,DAFNE GASPAR SANTA MARIA
21,009,C_PVEM_MORENA,NORMA ESTELA PIMENTEL MENDEZ,DAFNE GASPAR SANTA MARIA
21,009,C_PVEM_NAP,NORMA ESTELA PIMENTEL MENDEZ,DAFNE GASPAR SANTA MARIA
21,009,C_PVEM_FXMP,NORMA ESTELA PIMENTEL MENDEZ,DAFNE GASPAR SANTA MARIA
21,009,C_MORENA_NAP,NORMA ESTELA PIMENTEL MENDEZ,DAFNE GASPAR SANTA MARIA
21,009,C_MORENA_FXMP,NORMA ESTELA PIMENTEL MENDEZ,DAFNE GASPAR SANTA MARIA
21,009,C_NAP_FXMP,NORMA ESTELA PIMENTEL MENDEZ,DAFNE GASPAR SANTA MARIA
21,010,PAN,ALEJANDRO CAÑEDO PRIESCA,RICARDO WILLIAM GALI SAUCILLO
21,010,PRI,ALEJANDRO CAÑEDO PRIESCA,RICARDO WILLIAM GALI SAUCILLO
21,010,PRD,ALEJANDRO CAÑEDO PRIESCA,RICARDO WILLIAM GALI SAUCILLO
21,010,PT,JAIME NATALE URANGA,EDUARDO JAVIER VALENCIA JUAREZ
21,010,PVEM,JAIME NATALE URANGA,EDUARDO JAVIER VALENCIA JUAREZ
21,010,MC,MONICA CANO GUZMAN,RAFAELA PEREZ PEÑA
21,010,PSI,ALEJANDRO CAÑEDO PRIESCA,RICARDO WILLIAM GALI SAUCILLO
21,010,MORENA,JAIME NATALE URANGA,EDUARDO JAVIER VALENCIA JUAREZ
21,010,NAP,JAIME NATALE URANGA,EDUARDO JAVIER VALENCIA JUAREZ
21,010,FXMP,JAIME NATALE URANGA,EDUARDO JAVIER VALENCIA JUAREZ
21,010,C_PAN_PRI_PRD_PSI,ALEJANDRO CAÑEDO PRIESCA,RICARDO WILLIAM GALI SAUCILLO
21,010,C_PAN_PRI_PRD,ALEJANDRO CAÑEDO PRIESCA,RICARDO WILLIAM GALI SAUCILLO
21,010,C_PAN_PRI_PSI,ALEJANDRO CAÑEDO PRIESCA,RICARDO WILLIAM GALI SAUCILLO
21,010,C_PAN_PRD_PSI,ALEJANDRO CAÑEDO PRIESCA,RICARDO WILLIAM GALI SAUCILLO
21,010,C_PRI_PRD_PSI,ALEJANDRO CAÑEDO PRIESCA,RICARDO WILLIAM GALI SAUCILLO
21,010,C_PAN_PRI,ALEJANDRO CAÑEDO PRIESCA,RICARDO WILLIAM GALI SAUCILLO
21,010,C_PAN_PRD,ALEJANDRO CAÑEDO PRIESCA,RICARDO WILLIAM GALI SAUCILLO
21,010,C_PAN_PSI,ALEJANDRO CAÑEDO PRIESCA,RICARDO WILLIAM GALI SAUCILLO
21,010,C_PRI_PRD,ALEJANDRO CAÑEDO PRIESCA,RICARDO WILLIAM GALI SAUCILLO
21,010,C_PRI_PSI,ALEJANDRO CAÑEDO PRIESCA,RICARDO WILLIAM GALI SAUCILLO
21,010,C_PRD_PSI,ALEJANDRO CAÑEDO PRIESCA,RICARDO WILLIAM GALI SAUCILLO
21,010,C_PT_PVEM_MORENA_NAP_FXMP,JAIME NATALE URANGA,EDUARDO JAVIER VALENCIA JUAREZ
21,010,C_PT_PVEM_MORENA_NAP,JAIME NATALE URANGA,EDUARDO JAVIER VALENCIA JUAREZ
21,010,C_PT_PVEM_MORENA_FXMP,JAIME NATALE URANGA,EDUARDO JAVIER VALENCIA JUAREZ
21,010,C_PT_PVEM_NAP_FXMP,JAIME NATALE URANGA,EDUARDO JAVIER VALENCIA JUAREZ
21,010,C_PT_MORENA_NAP_FXMP,JAIME NATALE URANGA,EDUARDO JAVIER VALENCIA JUAREZ
21,010,C_PVEM_MORENA_NAP_FXMP,JAIME NATALE URANGA,EDUARDO JAVIER VALENCIA JUAREZ
21,010,C_PT_PVEM_MORENA,JAIME NATALE URANGA,EDUARDO JAVIER VALENCIA JUAREZ
21,010,C_PT_PVEM_NAP,JAIME NATALE URANGA,EDUARDO JAVIER VALENCIA JUAREZ
21,010,C_PT_PVEM_FXMP,JAIME NATALE URANGA,EDUARDO JAVIER VALENCIA JUAREZ
21,010,C_PT_MORENA_NAP,JAIME NATALE URANGA,EDUARDO JAVIER VALENCIA JUAREZ
21,010,C_PT_MORENA_FXMP,JAIME NATALE URANGA,EDUARDO JAVIER VALENCIA JUAREZ
21,010,C_PT_NAP_FXMP,JAIME NATALE URANGA,EDUARDO JAVIER VALENCIA JUAREZ
21,010,C_PVEM_MORENA_NAP,JAIME NATALE URANGA,EDUARDO JAVIER VALENCIA JUAREZ
21,010,C_PVEM_MORENA_FXMP,JAIME NATALE URANGA,EDUARDO JAVIER VALENCIA JUAREZ
21,010,C_PVEM_NAP_FXMP,JAIME NATALE URANGA,EDUARDO JAVIER VALENCIA JUAREZ
21,010,C_MORENA_NAP_FXMP,JAIME NATALE URANGA,EDUARDO JAVIER VALENCIA JUAREZ
21,010,C_PT_PVEM,JAIME NATALE URANGA,EDUARDO JAVIER VALENCIA JUAREZ
21,010,C_PT_MORENA,JAIME NATALE URANGA,EDUARDO JAVIER VALENCIA JUAREZ
21,010,C_PT_NAP,JAIME NATALE URANGA,EDUARDO JAVIER VALENCIA JUAREZ
21,010,C_PT_FXMP,JAIME NATALE URANGA,EDUARDO JAVIER VALENCIA JUAREZ
21,010,C_PVEM_MORENA,JAIME NATALE URANGA,EDUARDO JAVIER VALENCIA JUAREZ
21,010,C_PVEM_NAP,JAIME NATALE URANGA,EDUARDO JAVIER VALENCIA JUAREZ
21,010,C_PVEM_FXMP,JAIME NATALE URANGA,EDUARDO JAVIER VALENCIA JUAREZ
21,010,C_MORENA_NAP,JAIME NATALE URANGA,EDUARDO JAVIER VALENCIA JUAREZ
21,010,C_MORENA_FXMP,JAIME NATALE URANGA,EDUARDO JAVIER VALENCIA JUAREZ
21,010,C_NAP_FXMP,JAIME NATALE URANGA,EDUARDO JAVIER VALENCIA JUAREZ
21,011,PAN,MARIA XOCHITL ZARATE TEJEDA,ROSA MARIA CARMONA RUIZ
21,011,PRI,MARIA XOCHITL ZARATE TEJEDA,ROSA MARIA CARMONA RUIZ
21,011,PRD,MARIA XOCHITL ZARATE TEJEDA,ROSA MARIA CARMONA RUIZ
21,011,PT,XEL ARIANNA HERNANDEZ GARCIA,ANETTE MICHELLE TALAVERA HERRERA
21,011,PVEM,XEL ARIANNA HERNANDEZ GARCIA,ANETTE MICHELLE TALAVERA HERRERA
21,011,MC,PABLO CESAR PORTALS VALENCIA,ANA HELENA ORTIZ HUERTA
21,011,PSI,MARIA XOCHITL ZARATE TEJEDA,ROSA MARIA CARMONA RUIZ
21,011,MORENA,XEL ARIANNA HERNANDEZ GARCIA,ANETTE MICHELLE TALAVERA HERRERA
21,011,NAP,XEL ARIANNA HERNANDEZ GARCIA,ANETTE MICHELLE TALAVERA HERRERA
21,011,FXMP,XEL ARIANNA HERNANDEZ GARCIA,ANETTE MICHELLE TALAVERA HERRERA
21,011,C_PAN_PRI_PRD_PSI,MARIA XOCHITL ZARATE TEJEDA,ROSA MARIA CARMONA RUIZ
21,011,C_PAN_PRI_PRD,MARIA XOCHITL ZARATE TEJEDA,ROSA MARIA CARMONA RUIZ
21,011,C_PAN_PRI_PSI,MARIA XOCHITL ZARATE TEJEDA,ROSA MARIA CARMONA RUIZ
21,011,C_PAN_PRD_PSI,MARIA XOCHITL ZARATE TEJEDA,ROSA MARIA CARMONA RUIZ
21,011,C_PRI_PRD_PSI,MARIA XOCHITL ZARATE TEJEDA,ROSA MARIA CARMONA RUIZ
21,011,C_PAN_PRI,MARIA XOCHITL ZARATE TEJEDA,ROSA MARIA CARMONA RUIZ
21,011,C_PAN_PRD,MARIA XOCHITL ZARATE TEJEDA,ROSA MARIA CARMONA RUIZ
21,011,C_PAN_PSI,MARIA XOCHITL ZARATE TEJEDA,ROSA MARIA CARMONA RUIZ
21,011,C_PRI_PRD,MARIA XOCHITL ZARATE TEJEDA,ROSA MARIA CARMONA RUIZ
21,011,C_PRI_PSI,MARIA XOCHITL ZARATE TEJEDA,ROSA MARIA CARMONA RUIZ
21,011,C_PRD_PSI,MARIA XOCHITL ZARATE TEJEDA,ROSA MARIA CARMONA RUIZ
21,011,C_PT_PVEM_MORENA_NAP_FXMP,XEL ARIANNA HERNANDEZ GARCIA,ANETTE MICHELLE TALAVERA HERRERA
21,011,C_PT_PVEM_MORENA_NAP,XEL ARIANNA HERNANDEZ GARCIA,ANETTE MICHELLE TALAVERA HERRERA
21,011,C_PT_PVEM_MORENA_FXMP,XEL ARIANNA HERNANDEZ GARCIA,ANETTE MICHELLE TALAVERA HERRERA
21,011,C_PT_PVEM_NAP_FXMP,XEL ARIANNA HERNANDEZ GARCIA,ANETTE MICHELLE TALAVERA HERRERA
21,011,C_PT_MORENA_NAP_FXMP,XEL ARIANNA HERNANDEZ GARCIA,ANETTE MICHELLE TALAVERA HERRERA
21,011,C_PVEM_MORENA_NAP_FXMP,XEL ARIANNA HERNANDEZ GARCIA,ANETTE MICHELLE TALAVERA HERRERA
21,011,C_PT_PVEM_MORENA,XEL ARIANNA HERNANDEZ GARCIA,ANETTE MICHELLE TALAVERA HERRERA
21,011,C_PT_PVEM_NAP,XEL ARIANNA HERNANDEZ GARCIA,ANETTE MICHELLE TALAVERA HERRERA
21,011,C_PT_PVEM_FXMP,XEL ARIANNA HERNANDEZ GARCIA,ANETTE MICHELLE TALAVERA HERRERA
21,011,C_PT_MORENA_NAP,XEL ARIANNA HERNANDEZ GARCIA,ANETTE MICHELLE TALAVERA HERRERA
21,011,C_PT_MORENA_FXMP,XEL ARIANNA HERNANDEZ GARCIA,ANETTE MICHELLE TALAVERA HERRERA
21,011,C_PT_NAP_FXMP,XEL ARIANNA HERNANDEZ GARCIA,ANETTE MICHELLE TALAVERA HERRERA
21,011,C_PVEM_MORENA_NAP,XEL ARIANNA HERNANDEZ GARCIA,ANETTE MICHELLE TALAVERA HERRERA
21,011,C_PVEM_MORENA_FXMP,XEL ARIANNA HERNANDEZ GARCIA,ANETTE MICHELLE TALAVERA HERRERA
21,011,C_PVEM_NAP_FXMP,XEL ARIANNA HERNANDEZ GARCIA,ANETTE MICHELLE TALAVERA HERRERA
21,011,C_MORENA_NAP_FXMP,XEL ARIANNA HERNANDEZ GARCIA,ANETTE MICHELLE TALAVERA HERRERA
21,011,C_PT_PVEM,XEL ARIANNA HERNANDEZ GARCIA,ANETTE MICHELLE TALAVERA HERRERA
21,011,C_PT_MORENA,XEL ARIANNA HERNANDEZ GARCIA,ANETTE MICHELLE TALAVERA HERRERA
21,011,C_PT_NAP,XEL ARIANNA HERNANDEZ GARCIA,ANETTE MICHELLE TALAVERA HERRERA
21,011,C_PT_FXMP,XEL ARIANNA HERNANDEZ GARCIA,ANETTE MICHELLE TALAVERA HERRERA
21,011,C_PVEM_MORENA,XEL ARIANNA HERNANDEZ GARCIA,ANETTE MICHELLE TALAVERA HERRERA
21,011,C_PVEM_NAP,XEL ARIANNA HERNANDEZ GARCIA,ANETTE MICHELLE TALAVERA HERRERA
21,011,C_PVEM_FXMP,XEL ARIANNA HERNANDEZ GARCIA,ANETTE MICHELLE TALAVERA HERRERA
21,011,C_MORENA_NAP,XEL ARIANNA HERNANDEZ GARCIA,ANETTE MICHELLE TALAVERA HERRERA
21,011,C_MORENA_FXMP,XEL ARIANNA HERNANDEZ GARCIA,ANETTE MICHELLE TALAVERA HERRERA
21,011,C_NAP_FXMP,XEL ARIANNA HERNANDEZ GARCIA,ANETTE MICHELLE TALAVERA HERRERA
21,012,PAN,ESDRAS BONILLA FLORES,JOSE EDGAR BONILLA RAMIREZ
21,012,PRI,ESDRAS BONILLA FLORES,JOSE EDGAR BONILLA RAMIREZ
21,012,PRD,ESDRAS BONILLA FLORES,JOSE EDGAR BONILLA RAMIREZ
21,012,PT,JOSE MIGUEL TRUJILLO DE ITA,SANDRA GONZALEZ DE YTA
21,012,PVEM,JOSE MIGUEL TRUJILLO DE ITA,SANDRA GONZALEZ DE YTA
21,012,MC,ZELTZIN MIRIAM FLORES TORRES,ARELY JOSELINE DIAZ TORRES
21,012,PSI,ESDRAS BONILLA FLORES,JOSE EDGAR BONILLA RAMIREZ
21,012,MORENA,JOSE MIGUEL TRUJILLO DE ITA,SANDRA GONZALEZ DE YTA
21,012,NAP,JOSE MIGUEL TRUJILLO DE ITA,SANDRA GONZALEZ DE YTA
21,012,FXMP,JOSE MIGUEL TRUJILLO DE ITA,SANDRA GONZALEZ DE YTA
21,012,C_PAN_PRI_PRD_PSI,ESDRAS BONILLA FLORES,JOSE EDGAR BONILLA RAMIREZ
21,012,C_PAN_PRI_PRD,ESDRAS BONILLA FLORES,JOSE EDGAR BONILLA RAMIREZ
21,012,C_PAN_PRI_PSI,ESDRAS BONILLA FLORES,JOSE EDGAR BONILLA RAMIREZ
21,012,C_PAN_PRD_PSI,ESDRAS BONILLA FLORES,JOSE EDGAR BONILLA RAMIREZ
21,012,C_PRI_PRD_PSI,ESDRAS BONILLA FLORES,JOSE EDGAR BONILLA RAMIREZ
21,012,C_PAN_PRI,ESDRAS BONILLA FLORES,JOSE EDGAR BONILLA RAMIREZ
21,012,C_PAN_PRD,ESDRAS BONILLA FLORES,JOSE EDGAR BONILLA RAMIREZ
21,012,C_PAN_PSI,ESDRAS BONILLA FLORES,JOSE EDGAR BONILLA RAMIREZ
21,012,C_PRI_PRD,ESDRAS BONILLA FLORES,JOSE EDGAR BONILLA RAMIREZ
21,012,C_PRI_PSI,ESDRAS BONILLA FLORES,JOSE EDGAR BONILLA RAMIREZ
21,012,C_PRD_PSI,ESDRAS BONILLA FLORES,JOSE EDGAR BONILLA RAMIREZ
21,012,C_PT_PVEM_MORENA_NAP_FXMP,JOSE MIGUEL TRUJILLO DE ITA,SANDRA GONZALEZ DE YTA
21,012,C_PT_PVEM_MORENA_NAP,JOSE MIGUEL TRUJILLO DE ITA,SANDRA GONZALEZ DE YTA
21,012,C_PT_PVEM_MORENA_FXMP,JOSE MIGUEL TRUJILLO DE ITA,SANDRA GONZALEZ DE YTA
21,012,C_PT_PVEM_NAP_FXMP,JOSE MIGUEL TRUJILLO DE ITA,SANDRA GONZALEZ DE YTA
21,012,C_PT_MORENA_NAP_FXMP,JOSE MIGUEL TRUJILLO DE ITA,SANDRA GONZALEZ DE YTA
21,012,C_PVEM_MORENA_NAP_FXMP,JOSE MIGUEL TRUJILLO DE ITA,SANDRA GONZALEZ DE YTA
21,012,C_PT_PVEM_MORENA,JOSE MIGUEL TRUJILLO DE ITA,SANDRA GONZALEZ DE YTA
21,012,C_PT_PVEM_NAP,JOSE MIGUEL TRUJILLO DE ITA,SANDRA GONZALEZ DE YTA
21,012,C_PT_PVEM_FXMP,JOSE MIGUEL TRUJILLO DE ITA,SANDRA GONZALEZ DE YTA
21,012,C_PT_MORENA_NAP,JOSE MIGUEL TRUJILLO DE ITA,SANDRA GONZALEZ DE YTA
21,012,C_PT_MORENA_FXMP,JOSE MIGUEL TRUJILLO DE ITA,SANDRA GONZALEZ DE YTA
21,012,C_PT_NAP_FXMP,JOSE MIGUEL TRUJILLO DE ITA,SANDRA GONZALEZ DE YTA
21,012,C_PVEM_MORENA_NAP,JOSE MIGUEL TRUJILLO DE ITA,SANDRA GONZALEZ DE YTA
21,012,C_PVEM_MORENA_FXMP,JOSE MIGUEL TRUJILLO DE ITA,SANDRA GONZALEZ DE YTA
21,012,C_PVEM_NAP_FXMP,JOSE MIGUEL TRUJILLO DE ITA,SANDRA GONZALEZ DE YTA
21,012,C_MORENA_NAP_FXMP,JOSE MIGUEL TRUJILLO DE ITA,SANDRA GONZALEZ DE YTA
21,012,C_PT_PVEM,JOSE MIGUEL TRUJILLO DE ITA,SANDRA GONZALEZ DE YTA
21,012,C_PT_MORENA,JOSE MIGUEL TRUJILLO DE ITA,SANDRA GONZALEZ DE YTA
21,012,C_PT_NAP,JOSE MIGUEL TRUJILLO DE ITA,SANDRA GONZALEZ DE YTA
21,012,C_PT_FXMP,JOSE MIGUEL TRUJILLO DE ITA,SANDRA GONZALEZ DE YTA
21,012,C_PVEM_MORENA,JOSE MIGUEL TRUJILLO DE ITA,SANDRA GONZALEZ DE YTA
21,012,C_PVEM_NAP,JOSE MIGUEL TRUJILLO DE ITA,SANDRA GONZALEZ DE YTA
21,012,C_PVEM_FXMP,JOSE MIGUEL TRUJILLO DE ITA,SANDRA GONZALEZ DE YTA
21,012,C_MORENA_NAP,JOSE MIGUEL TRUJILLO DE ITA,SANDRA GONZALEZ DE YTA
21,012,C_MORENA_FXMP,JOSE MIGUEL TRUJILLO DE ITA,SANDRA GONZALEZ DE YTA
21,012,C_NAP_FXMP,JOSE MIGUEL TRUJILLO DE ITA,SANDRA GONZALEZ DE YTA
21,013,PAN,ESTEFANIA DIAZ BENETTI,THALIA DIAZ BENETTI
21,013,PRI,ESTEFANIA DIAZ BENETTI,THALIA DIAZ BENETTI
21,013,PRD,ALAN NOE PEREZ RAMIREZ,SARAI LIZBETH PEREZ RAMIREZ
21,013,PT,OSCAR MAURICIO CESPEDES PEREGRINA,IRVIN BALTAZAR GARCIA RAMIREZ
21,013,PVEM,OSCAR MAURICIO CESPEDES PEREGRINA,IRVIN BALTAZAR GARCIA RAMIREZ
21,013,MC,MARTHA BAUTISTA JIMENEZ,MARIA CRISTINA MENDEZ TELLEZ
21,013,PSI,ANELLY ARELLANO VARGAS,ERIKA VILLANUEVA REYES
21,013,MORENA,OSCAR MAURICIO CESPEDES PEREGRINA,IRVIN BALTAZAR GARCIA RAMIREZ
21,013,NAP,OSCAR MAURICIO CESPEDES PEREGRINA,IRVIN BALTAZAR GARCIA RAMIREZ
21,013,FXMP,OSCAR MAURICIO CESPEDES PEREGRINA,IRVIN BALTAZAR GARCIA RAMIREZ
21,013,C_PAN_PRI,ESTEFANIA DIAZ BENETTI,THALIA DIAZ BENETTI
21,013,C_PT_PVEM_MORENA_NAP_FXMP,OSCAR MAURICIO CESPEDES PEREGRINA,IRVIN BALTAZAR GARCIA RAMIREZ
21,013,C_PT_PVEM_MORENA_NAP,OSCAR MAURICIO CESPEDES PEREGRINA,IRVIN BALTAZAR GARCIA RAMIREZ
21,013,C_PT_PVEM_MORENA_FXMP,OSCAR MAURICIO CESPEDES PEREGRINA,IRVIN BALTAZAR GARCIA RAMIREZ
21,013,C_PT_PVEM_NAP_FXMP,OSCAR MAURICIO CESPEDES PEREGRINA,IRVIN BALTAZAR GARCIA RAMIREZ
21,013,C_PT_MORENA_NAP_FXMP,OSCAR MAURICIO CESPEDES PEREGRINA,IRVIN BALTAZAR GARCIA RAMIREZ
21,013,C_PVEM_MORENA_NAP_FXMP,OSCAR MAURICIO CESPEDES PEREGRINA,IRVIN BALTAZAR GARCIA RAMIREZ
21,013,C_PT_PVEM_MORENA,OSCAR MAURICIO CESPEDES PEREGRINA,IRVIN BALTAZAR GARCIA RAMIREZ
21,013,C_PT_PVEM_NAP,OSCAR MAURICIO CESPEDES PEREGRINA,IRVIN BALTAZAR GARCIA RAMIREZ
21,013,C_PT_PVEM_FXMP,OSCAR MAURICIO CESPEDES PEREGRINA,IRVIN BALTAZAR GARCIA RAMIREZ
21,013,C_PT_MORENA_NAP,OSCAR MAURICIO CESPEDES PEREGRINA,IRVIN BALTAZAR GARCIA RAMIREZ
21,013,C_PT_MORENA_FXMP,OSCAR MAURICIO CESPEDES PEREGRINA,IRVIN BALTAZAR GARCIA RAMIREZ
21,013,C_PT_NAP_FXMP,OSCAR MAURICIO CESPEDES PEREGRINA,IRVIN BALTAZAR GARCIA RAMIREZ
21,013,C_PVEM_MORENA_NAP,OSCAR MAURICIO CESPEDES PEREGRINA,IRVIN BALTAZAR GARCIA RAMIREZ
21,013,C_PVEM_MORENA_FXMP,OSCAR MAURICIO CESPEDES PEREGRINA,IRVIN BALTAZAR GARCIA RAMIREZ
21,013,C_PVEM_NAP_FXMP,OSCAR MAURICIO CESPEDES PEREGRINA,IRVIN BALTAZAR GARCIA RAMIREZ
21,013,C_MORENA_NAP_FXMP,OSCAR MAURICIO CESPEDES PEREGRINA,IRVIN BALTAZAR GARCIA RAMIREZ
21,013,C_PT_PVEM,OSCAR MAURICIO CESPEDES PEREGRINA,IRVIN BALTAZAR GARCIA RAMIREZ
21,013,C_PT_MORENA,OSCAR MAURICIO CESPEDES PEREGRINA,IRVIN BALTAZAR GARCIA RAMIREZ
21,013,C_PT_NAP,OSCAR MAURICIO CESPEDES PEREGRINA,IRVIN BALTAZAR GARCIA RAMIREZ
21,013,C_PT_FXMP,OSCAR MAURICIO CESPEDES PEREGRINA,IRVIN BALTAZAR GARCIA RAMIREZ
21,013,C_PVEM_MORENA,OSCAR MAURICIO CESPEDES PEREGRINA,IRVIN BALTAZAR GARCIA RAMIREZ
21,013,C_PVEM_NAP,OSCAR MAURICIO CESPEDES PEREGRINA,IRVIN BALTAZAR GARCIA RAMIREZ
21,013,C_PVEM_FXMP,OSCAR MAURICIO CESPEDES PEREGRINA,IRVIN BALTAZAR GARCIA RAMIREZ
21,013,C_MORENA_NAP,OSCAR MAURICIO CESPEDES PEREGRINA,IRVIN BALTAZAR GARCIA RAMIREZ
21,013,C_MORENA_FXMP,OSCAR MAURICIO CESPEDES PEREGRINA,IRVIN BALTAZAR GARCIA RAMIREZ
21,013,C_NAP_FXMP,OSCAR MAURICIO CESPEDES PEREGRINA,IRVIN BALTAZAR GARCIA RAMIREZ
21,014,PAN,YANET BONILLA HERNANDEZ,VERONICA JIMENEZ SANCHEZ
21,014,PRI,YANET BONILLA HERNANDEZ,VERONICA JIMENEZ SANCHEZ
21,014,PRD,YANET BONILLA HERNANDEZ,VERONICA JIMENEZ SANCHEZ
21,014,PT,ELIAS LOZADA ORTEGA,PAULINO BARCO ATANACIO
21,014,PVEM,ELIAS LOZADA ORTEGA,PAULINO BARCO ATANACIO
21,014,MC,JOSE JOAQUIN LOPEZ CASTILLO,LEONARDO SILVESTRE SANCHEZ
21,014,PSI,YANET BONILLA HERNANDEZ,VERONICA JIMENEZ SANCHEZ
21,014,MORENA,ELIAS LOZADA ORTEGA,PAULINO BARCO ATANACIO
21,014,NAP,ELIAS LOZADA ORTEGA,PAULINO BARCO ATANACIO
21,014,FXMP,ELIAS LOZADA ORTEGA,PAULINO BARCO ATANACIO
21,014,C_PAN_PRI_PRD_PSI,YANET BONILLA HERNANDEZ,VERONICA JIMENEZ SANCHEZ
21,014,C_PAN_PRI_PRD,YANET BONILLA HERNANDEZ,VERONICA JIMENEZ SANCHEZ
21,014,C_PAN_PRI_PSI,YANET BONILLA HERNANDEZ,VERONICA JIMENEZ SANCHEZ
21,014,C_PAN_PRD_PSI,YANET BONILLA HERNANDEZ,VERONICA JIMENEZ SANCHEZ
21,014,C_PRI_PRD_PSI,YANET BONILLA HERNANDEZ,VERONICA JIMENEZ SANCHEZ
21,014,C_PAN_PRI,YANET BONILLA HERNANDEZ,VERONICA JIMENEZ SANCHEZ
21,014,C_PAN_PRD,YANET BONILLA HERNANDEZ,VERONICA JIMENEZ SANCHEZ
21,014,C_PAN_PSI,YANET BONILLA HERNANDEZ,VERONICA JIMENEZ SANCHEZ
21,014,C_PRI_PRD,YANET BONILLA HERNANDEZ,VERONICA JIMENEZ SANCHEZ
21,014,C_PRI_PSI,YANET BONILLA HERNANDEZ,VERONICA JIMENEZ SANCHEZ
21,014,C_PRD_PSI,YANET BONILLA HERNANDEZ,VERONICA JIMENEZ SANCHEZ
21,014,C_PT_PVEM_MORENA_NAP_FXMP,ELIAS LOZADA ORTEGA,PAULINO BARCO ATANACIO
21,014,C_PT_PVEM_MORENA_NAP,ELIAS LOZADA ORTEGA,PAULINO BARCO ATANACIO
21,014,C_PT_PVEM_MORENA_FXMP,ELIAS LOZADA ORTEGA,PAULINO BARCO ATANACIO
21,014,C_PT_PVEM_NAP_FXMP,ELIAS LOZADA ORTEGA,PAULINO BARCO ATANACIO
21,014,C_PT_MORENA_NAP_FXMP,ELIAS LOZADA ORTEGA,PAULINO BARCO ATANACIO
21,014,C_PVEM_MORENA_NAP_FXMP,ELIAS LOZADA ORTEGA,PAULINO BARCO ATANACIO
21,014,C_PT_PVEM_MORENA,ELIAS LOZADA ORTEGA,PAULINO BARCO ATANACIO
21,014,C_PT_PVEM_NAP,ELIAS LOZADA ORTEGA,PAULINO BARCO ATANACIO
21,014,C_PT_PVEM_FXMP,ELIAS LOZADA ORTEGA,PAULINO BARCO ATANACIO
21,014,C_PT_MORENA_NAP,ELIAS LOZADA ORTEGA,PAULINO BARCO ATANACIO
21,014,C_PT_MORENA_FXMP,ELIAS LOZADA ORTEGA,PAULINO BARCO ATANACIO
21,014,C_PT_NAP_FXMP,ELIAS LOZADA ORTEGA,PAULINO BARCO ATANACIO
21,014,C_PVEM_MORENA_NAP,ELIAS LOZADA ORTEGA,PAULINO BARCO ATANACIO
21,014,C_PVEM_MORENA_FXMP,ELIAS LOZADA ORTEGA,PAULINO BARCO ATANACIO
21,014,C_PVEM_NAP_FXMP,ELIAS LOZADA ORTEGA,PAULINO BARCO ATANACIO
21,014,C_MORENA_NAP_FXMP,ELIAS LOZADA ORTEGA,PAULINO BARCO ATANACIO
21,014,C_PT_PVEM,ELIAS LOZADA ORTEGA,PAULINO BARCO ATANACIO
21,014,C_PT_MORENA,ELIAS LOZADA ORTEGA,PAULINO BARCO ATANACIO
21,014,C_PT_NAP,ELIAS LOZADA ORTEGA,PAULINO BARCO ATANACIO
21,014,C_PT_FXMP,ELIAS LOZADA ORTEGA,PAULINO BARCO ATANACIO
21,014,C_PVEM_MORENA,ELIAS LOZADA ORTEGA,PAULINO BARCO ATANACIO
21,014,C_PVEM_NAP,ELIAS LOZADA ORTEGA,PAULINO BARCO ATANACIO
21,014,C_PVEM_FXMP,ELIAS LOZADA ORTEGA,PAULINO BARCO ATANACIO
21,014,C_MORENA_NAP,ELIAS LOZADA ORTEGA,PAULINO BARCO ATANACIO
21,014,C_MORENA_FXMP,ELIAS LOZADA ORTEGA,PAULINO BARCO ATANACIO
21,014,C_NAP_FXMP,ELIAS LOZADA ORTEGA,PAULINO BARCO ATANACIO
21,015,PAN,CARLOS FROYLAN NAVARRO CORRO,EDGAR GIL MARTINEZ
21,015,PRI,CARLOS FROYLAN NAVARRO CORRO,EDGAR GIL MARTINEZ
21,015,PRD,CARLOS FROYLAN NAVARRO CORRO,EDGAR GIL MARTINEZ
21,015,PT,ANDRES IVAN VILLEGAS MENDOZA,ESTEBINI GUILLERMINA FERNANDEZ LOZADA
21,015,PVEM,ANDRES IVAN VILLEGAS MENDOZA,ESTEBINI GUILLERMINA FERNANDEZ LOZADA
21,015,MC,LUZ MARIA SILVERIO PEREZ,JENIFER CADENA VALENCIA
21,015,PSI,CARLOS FROYLAN NAVARRO CORRO,EDGAR GIL MARTINEZ
21,015,MORENA,ANDRES IVAN VILLEGAS MENDOZA,ESTEBINI GUILLERMINA FERNANDEZ LOZADA
21,015,NAP,ANDRES IVAN VILLEGAS MENDOZA,ESTEBINI GUILLERMINA FERNANDEZ LOZADA
21,015,FXMP,ANDRES IVAN VILLEGAS MENDOZA,ESTEBINI GUILLERMINA FERNANDEZ LOZADA
21,015,C_PAN_PRI_PRD_PSI,CARLOS FROYLAN NAVARRO CORRO,EDGAR GIL MARTINEZ
21,015,C_PAN_PRI_PRD,CARLOS FROYLAN NAVARRO CORRO,EDGAR GIL MARTINEZ
21,015,C_PAN_PRI_PSI,CARLOS FROYLAN NAVARRO CORRO,EDGAR GIL MARTINEZ
21,015,C_PAN_PRD_PSI,CARLOS FROYLAN NAVARRO CORRO,EDGAR GIL MARTINEZ
21,015,C_PRI_PRD_PSI,CARLOS FROYLAN NAVARRO CORRO,EDGAR GIL MARTINEZ
21,015,C_PAN_PRI,CARLOS FROYLAN NAVARRO CORRO,EDGAR GIL MARTINEZ
21,015,C_PAN_PRD,CARLOS FROYLAN NAVARRO CORRO,EDGAR GIL MARTINEZ
21,015,C_PAN_PSI,CARLOS FROYLAN NAVARRO CORRO,EDGAR GIL MARTINEZ
21,015,C_PRI_PRD,CARLOS FROYLAN NAVARRO CORRO,EDGAR GIL MARTINEZ
21,015,C_PRI_PSI,CARLOS FROYLAN NAVARRO CORRO,EDGAR GIL MARTINEZ
21,015,C_PRD_PSI,CARLOS FROYLAN NAVARRO CORRO,EDGAR GIL MARTINEZ
21,015,C_PT_PVEM_MORENA_NAP_FXMP,ANDRES IVAN VILLEGAS MENDOZA,ESTEBINI GUILLERMINA FERNANDEZ LOZADA
21,015,C_PT_PVEM_MORENA_NAP,ANDRES IVAN VILLEGAS MENDOZA,ESTEBINI GUILLERMINA FERNANDEZ LOZADA
21,015,C_PT_PVEM_MORENA_FXMP,ANDRES IVAN VILLEGAS MENDOZA,ESTEBINI GUILLERMINA FERNANDEZ LOZADA
21,015,C_PT_PVEM_NAP_FXMP,ANDRES IVAN VILLEGAS MENDOZA,ESTEBINI GUILLERMINA FERNANDEZ LOZADA
21,015,C_PT_MORENA_NAP_FXMP,ANDRES IVAN VILLEGAS MENDOZA,ESTEBINI GUILLERMINA FERNANDEZ LOZADA
21,015,C_PVEM_MORENA_NAP_FXMP,ANDRES IVAN VILLEGAS MENDOZA,ESTEBINI GUILLERMINA FERNANDEZ LOZADA
21,015,C_PT_PVEM_MORENA,ANDRES IVAN VILLEGAS MENDOZA,ESTEBINI GUILLERMINA FERNANDEZ LOZADA
21,015,C_PT_PVEM_NAP,ANDRES IVAN VILLEGAS MENDOZA,ESTEBINI GUILLERMINA FERNANDEZ LOZADA
21,015,C_PT_PVEM_FXMP,ANDRES IVAN VILLEGAS MENDOZA,ESTEBINI GUILLERMINA FERNANDEZ LOZADA
21,015,C_PT_MORENA_NAP,ANDRES IVAN VILLEGAS MENDOZA,ESTEBINI GUILLERMINA FERNANDEZ LOZADA
21,015,C_PT_MORENA_FXMP,ANDRES IVAN VILLEGAS MENDOZA,ESTEBINI GUILLERMINA FERNANDEZ LOZADA
21,015,C_PT_NAP_FXMP,ANDRES IVAN VILLEGAS MENDOZA,ESTEBINI GUILLERMINA FERNANDEZ LOZADA
21,015,C_PVEM_MORENA_NAP,ANDRES IVAN VILLEGAS MENDOZA,ESTEBINI GUILLERMINA FERNANDEZ LOZADA
21,015,C_PVEM_MORENA_FXMP,ANDRES IVAN VILLEGAS MENDOZA,ESTEBINI GUILLERMINA FERNANDEZ LOZADA
21,015,C_PVEM_NAP_FXMP,ANDRES IVAN VILLEGAS MENDOZA,ESTEBINI GUILLERMINA FERNANDEZ LOZADA
21,015,C_MORENA_NAP_FXMP,ANDRES IVAN VILLEGAS MENDOZA,ESTEBINI GUILLERMINA FERNANDEZ LOZADA
21,015,C_PT_PVEM,ANDRES IVAN VILLEGAS MENDOZA,ESTEBINI GUILLERMINA FERNANDEZ LOZADA
21,015,C_PT_MORENA,ANDRES IVAN VILLEGAS MENDOZA,ESTEBINI GUILLERMINA FERNANDEZ LOZADA
21,015,C_PT_NAP,ANDRES IVAN VILLEGAS MENDOZA,ESTEBINI GUILLERMINA FERNANDEZ LOZADA
21,015,C_PT_FXMP,ANDRES IVAN VILLEGAS MENDOZA,ESTEBINI GUILLERMINA FERNANDEZ LOZADA
21,015,C_PVEM_MORENA,ANDRES IVAN VILLEGAS MENDOZA,ESTEBINI GUILLERMINA FERNANDEZ LOZADA
21,015,C_PVEM_NAP,ANDRES IVAN VILLEGAS MENDOZA,ESTEBINI GUILLERMINA FERNANDEZ LOZADA
21,015,C_PVEM_FXMP,ANDRES IVAN VILLEGAS MENDOZA,ESTEBINI GUILLERMINA FERNANDEZ LOZADA
21,015,C_MORENA_NAP,ANDRES IVAN VILLEGAS MENDOZA,ESTEBINI GUILLERMINA FERNANDEZ LOZADA
21,015,C_MORENA_FXMP,ANDRES IVAN VILLEGAS MENDOZA,ESTEBINI GUILLERMINA FERNANDEZ LOZADA
21,015,C_NAP_FXMP,ANDRES IVAN VILLEGAS MENDOZA,ESTEBINI GUILLERMINA FERNANDEZ LOZADA
21,016,PAN,MANUEL HERRERA ROJAS,KARLOS ZENTENO SILVA
21,016,PRI,MANUEL HERRERA ROJAS,KARLOS ZENTENO SILVA
21,016,PRD,MANUEL HERRERA ROJAS,KARLOS ZENTENO SILVA
21,016,PT,ELVIA GRACIELA PALOMARES RAMIREZ,ALEXA ESPIDIO SANCHEZ
21,016,PVEM,ELVIA GRACIELA PALOMARES RAMIREZ,ALEXA ESPIDIO SANCHEZ
21,016,MC,ANDREA YOSELIN PAREDES GUEVARA,IXCHEL MARIANA PADILLA SANTIAGO
21,016,PSI,MANUEL HERRERA ROJAS,KARLOS ZENTENO SILVA
21,016,MORENA,ELVIA GRACIELA PALOMARES RAMIREZ,ALEXA ESPIDIO SANCHEZ
21,016,NAP,ELVIA GRACIELA PALOMARES RAMIREZ,ALEXA ESPIDIO SANCHEZ
21,016,FXMP,ELVIA GRACIELA PALOMARES RAMIREZ,ALEXA ESPIDIO SANCHEZ
21,016,C_PAN_PRI_PRD_PSI,MANUEL HERRERA ROJAS,KARLOS ZENTENO SILVA
21,016,C_PAN_PRI_PRD,MANUEL HERRERA ROJAS,KARLOS ZENTENO SILVA
21,016,C_PAN_PRI_PSI,MANUEL HERRERA ROJAS,KARLOS ZENTENO SILVA
21,016,C_PAN_PRD_PSI,MANUEL HERRERA ROJAS,KARLOS ZENTENO SILVA
21,016,C_PRI_PRD_PSI,MANUEL HERRERA ROJAS,KARLOS ZENTENO SILVA
21,016,C_PAN_PRI,MANUEL HERRERA ROJAS,KARLOS ZENTENO SILVA
21,016,C_PAN_PRD,MANUEL HERRERA ROJAS,KARLOS ZENTENO SILVA
21,016,C_PAN_PSI,MANUEL HERRERA ROJAS,KARLOS ZENTENO SILVA
21,016,C_PRI_PRD,MANUEL HERRERA ROJAS,KARLOS ZENTENO SILVA
21,016,C_PRI_PSI,MANUEL HERRERA ROJAS,KARLOS ZENTENO SILVA
21,016,C_PRD_PSI,MANUEL HERRERA ROJAS,KARLOS ZENTENO SILVA
21,016,C_PT_PVEM_MORENA_NAP_FXMP,ELVIA GRACIELA PALOMARES RAMIREZ,ALEXA ESPIDIO SANCHEZ
21,016,C_PT_PVEM_MORENA_NAP,ELVIA GRACIELA PALOMARES RAMIREZ,ALEXA ESPIDIO SANCHEZ
21,016,C_PT_PVEM_MORENA_FXMP,ELVIA GRACIELA PALOMARES RAMIREZ,ALEXA ESPIDIO SANCHEZ
21,016,C_PT_PVEM_NAP_FXMP,ELVIA GRACIELA PALOMARES RAMIREZ,ALEXA ESPIDIO SANCHEZ
21,016,C_PT_MORENA_NAP_FXMP,ELVIA GRACIELA PALOMARES RAMIREZ,ALEXA ESPIDIO SANCHEZ
21,016,C_PVEM_MORENA_NAP_FXMP,ELVIA GRACIELA PALOMARES RAMIREZ,ALEXA ESPIDIO SANCHEZ
21,016,C_PT_PVEM_MORENA,ELVIA GRACIELA PALOMARES RAMIREZ,ALEXA ESPIDIO SANCHEZ
21,016,C_PT_PVEM_NAP,ELVIA GRACIELA PALOMARES RAMIREZ,ALEXA ESPIDIO SANCHEZ
21,016,C_PT_PVEM_FXMP,ELVIA GRACIELA PALOMARES RAMIREZ,ALEXA ESPIDIO SANCHEZ
21,016,C_PT_MORENA_NAP,ELVIA GRACIELA PALOMARES RAMIREZ,ALEXA ESPIDIO SANCHEZ
21,016,C_PT_MORENA_FXMP,ELVIA GRACIELA PALOMARES RAMIREZ,ALEXA ESPIDIO SANCHEZ
21,016,C_PT_NAP_FXMP,ELVIA GRACIELA PALOMARES RAMIREZ,ALEXA ESPIDIO SANCHEZ
21,016,C_PVEM_MORENA_NAP,ELVIA GRACIELA PALOMARES RAMIREZ,ALEXA ESPIDIO SANCHEZ
21,016,C_PVEM_MORENA_FXMP,ELVIA GRACIELA PALOMARES RAMIREZ,ALEXA ESPIDIO SANCHEZ
21,016,C_PVEM_NAP_FXMP,ELVIA GRACIELA PALOMARES RAMIREZ,ALEXA ESPIDIO SANCHEZ
21,016,C_MORENA_NAP_FXMP,ELVIA GRACIELA PALOMARES RAMIREZ,ALEXA ESPIDIO SANCHEZ
21,016,C_PT_PVEM,ELVIA GRACIELA PALOMARES RAMIREZ,ALEXA ESPIDIO SANCHEZ
21,016,C_PT_MORENA,ELVIA GRACIELA PALOMARES RAMIREZ,ALEXA ESPIDIO SANCHEZ
21,016,C_PT_NAP,ELVIA GRACIELA PALOMARES RAMIREZ,ALEXA ESPIDIO SANCHEZ
21,016,C_PT_FXMP,ELVIA GRACIELA PALOMARES RAMIREZ,ALEXA ESPIDIO SANCHEZ
21,016,C_PVEM_MORENA,ELVIA GRACIELA PALOMARES RAMIREZ,ALEXA ESPIDIO SANCHEZ
21,016,C_PVEM_NAP,ELVIA GRACIELA PALOMARES RAMIREZ,ALEXA ESPIDIO SANCHEZ
21,016,C_PVEM_FXMP,ELVIA GRACIELA PALOMARES RAMIREZ,ALEXA ESPIDIO SANCHEZ
21,016,C_MORENA_NAP,ELVIA GRACIELA PALOMARES RAMIREZ,ALEXA ESPIDIO SANCHEZ
21,016,C_MORENA_FXMP,ELVIA GRACIELA PALOMARES RAMIREZ,ALEXA ESPIDIO SANCHEZ
21,016,C_NAP_FXMP,ELVIA GRACIELA PALOMARES RAMIREZ,ALEXA ESPIDIO SANCHEZ
21,017,PAN,GABRIEL OSWALDO JIMENEZ LOPEZ,NELLY MARIA HERNANDEZ GUICHARD
21,017,PRI,GABRIEL OSWALDO JIMENEZ LOPEZ,NELLY MARIA HERNANDEZ GUICHARD
21,017,PRD,GABRIEL OSWALDO JIMENEZ LOPEZ,NELLY MARIA HERNANDEZ GUICHARD
21,017,PT,MARIA FERNANDA DE LA BARREDA ANGON,TISBE SCANDA CONTRERAS HERRERA
21,017,PVEM,MARIA FERNANDA DE LA BARREDA ANGON,TISBE SCANDA CONTRERAS HERRERA
21,017,MC,LUZ DEL CARMEN ARREDONDO DIAZ,ARACELI ALDUCIN DIAZ
21,017,PSI,GABRIEL OSWALDO JIMENEZ LOPEZ,NELLY MARIA HERNANDEZ GUICHARD
21,017,MORENA,MARIA FERNANDA DE LA BARREDA ANGON,TISBE SCANDA CONTRERAS HERRERA
21,017,NAP,MARIA FERNANDA DE LA BARREDA ANGON,TISBE SCANDA CONTRERAS HERRERA
21,017,FXMP,MARIA FERNANDA DE LA BARREDA ANGON,TISBE SCANDA CONTRERAS HERRERA
21,017,C_PAN_PRI_PRD_PSI,GABRIEL OSWALDO JIMENEZ LOPEZ,NELLY MARIA HERNANDEZ GUICHARD
21,017,C_PAN_PRI_PRD,GABRIEL OSWALDO JIMENEZ LOPEZ,NELLY MARIA HERNANDEZ GUICHARD
21,017,C_PAN_PRI_PSI,GABRIEL OSWALDO JIMENEZ LOPEZ,NELLY MARIA HERNANDEZ GUICHARD
21,017,C_PAN_PRD_PSI,GABRIEL OSWALDO JIMENEZ LOPEZ,NELLY MARIA HERNANDEZ GUICHARD
21,017,C_PRI_PRD_PSI,GABRIEL OSWALDO JIMENEZ LOPEZ,NELLY MARIA HERNANDEZ GUICHARD
21,017,C_PAN_PRI,GABRIEL OSWALDO JIMENEZ LOPEZ,NELLY MARIA HERNANDEZ GUICHARD
21,017,C_PAN_PRD,GABRIEL OSWALDO JIMENEZ LOPEZ,NELLY MARIA HERNANDEZ GUICHARD
21,017,C_PAN_PSI,GABRIEL OSWALDO JIMENEZ LOPEZ,NELLY MARIA HERNANDEZ GUICHARD
21,017,C_PRI_PRD,GABRIEL OSWALDO JIMENEZ LOPEZ,NELLY MARIA HERNANDEZ GUICHARD
21,017,C_PRI_PSI,GABRIEL OSWALDO JIMENEZ LOPEZ,NELLY MARIA HERNANDEZ GUICHARD
21,017,C_PRD_PSI,GABRIEL OSWALDO JIMENEZ LOPEZ,NELLY MARIA HERNANDEZ GUICHARD
21,017,C_PT_PVEM_MORENA_NAP_FXMP,MARIA FERNANDA DE LA BARREDA ANGON,TISBE SCANDA CONTRERAS HERRERA
21,017,C_PT_PVEM_MORENA_NAP,MARIA FERNANDA DE LA BARREDA ANGON,TISBE SCANDA CONTRERAS HERRERA
21,017,C_PT_PVEM_MORENA_FXMP,MARIA FERNANDA DE LA BARREDA ANGON,TISBE SCANDA CONTRERAS HERRERA
21,017,C_PT_PVEM_NAP_FXMP,MARIA FERNANDA DE LA BARREDA ANGON,TISBE SCANDA CONTRERAS HERRERA
21,017,C_PT_MORENA_NAP_FXMP,MARIA FERNANDA DE LA BARREDA ANGON,TISBE SCANDA CONTRERAS HERRERA
21,017,C_PVEM_MORENA_NAP_FXMP,MARIA FERNANDA DE LA BARREDA ANGON,TISBE SCANDA CONTRERAS HERRERA
21,017,C_PT_PVEM_MORENA,MARIA FERNANDA DE LA BARREDA ANGON,TISBE SCANDA CONTRERAS HERRERA
21,017,C_PT_PVEM_NAP,MARIA FERNANDA DE LA BARREDA ANGON,TISBE SCANDA CONTRERAS HERRERA
21,017,C_PT_PVEM_FXMP,MARIA FERNANDA DE LA BARREDA ANGON,TISBE SCANDA CONTRERAS HERRERA
21,017,C_PT_MORENA_NAP,MARIA FERNANDA DE LA BARREDA ANGON,TISBE SCANDA CONTRERAS HERRERA
21,017,C_PT_MORENA_FXMP,MARIA FERNANDA DE LA BARREDA ANGON,TISBE SCANDA CONTRERAS HERRERA
21,017,C_PT_NAP_FXMP,MARIA FERNANDA DE LA BARREDA ANGON,TISBE SCANDA CONTRERAS HERRERA
21,017,C_PVEM_MORENA_NAP,MARIA FERNANDA DE LA BARREDA ANGON,TISBE SCANDA CONTRERAS HERRERA
21,017,C_PVEM_MORENA_FXMP,MARIA FERNANDA DE LA BARREDA ANGON,TISBE SCANDA CONTRERAS HERRERA
21,017,C_PVEM_NAP_FXMP,MARIA FERNANDA DE LA BARREDA ANGON,TISBE SCANDA CONTRERAS HERRERA
21,017,C_MORENA_NAP_FXMP,MARIA FERNANDA DE LA BARREDA ANGON,TISBE SCANDA CONTRERAS HERRERA
21,017,C_PT_PVEM,MARIA FERNANDA DE LA BARREDA ANGON,TISBE SCANDA CONTRERAS HERRERA
21,017,C_PT_MORENA,MARIA FERNANDA DE LA BARREDA ANGON,TISBE SCANDA CONTRERAS HERRERA
21,017,C_PT_NAP,MARIA FERNANDA DE LA BARREDA ANGON,TISBE SCANDA CONTRERAS HERRERA
21,017,C_PT_FXMP,MARIA FERNANDA DE LA BARREDA ANGON,TISBE SCANDA CONTRERAS HERRERA
21,017,C_PVEM_MORENA,MARIA FERNANDA DE LA BARREDA ANGON,TISBE SCANDA CONTRERAS HERRERA
21,017,C_PVEM_NAP,MARIA FERNANDA DE LA BARREDA ANGON,TISBE SCANDA CONTRERAS HERRERA
21,017,C_PVEM_FXMP,MARIA FERNANDA DE LA BARREDA ANGON,TISBE SCANDA CONTRERAS HERRERA
21,017,C_MORENA_NAP,MARIA FERNANDA DE LA BARREDA ANGON,TISBE SCANDA CONTRERAS HERRERA
21,017,C_MORENA_FXMP,MARIA FERNANDA DE LA BARREDA ANGON,TISBE SCANDA CONTRERAS HERRERA
21,017,C_NAP_FXMP,MARIA FERNANDA DE LA BARREDA ANGON,TISBE SCANDA CONTRERAS HERRERA
21,018,PAN,DOLORES MARIA DEL CARMEN PARRA JIMENEZ,CRISTINA BERTONI QUITL
21,018,PRI,DOLORES MARIA DEL CARMEN PARRA JIMENEZ,CRISTINA BERTONI QUITL
21,018,PRD,DOLORES MARIA DEL CARMEN PARRA JIMENEZ,CRISTINA BERTONI QUITL
21,018,PT,NAYELI SALVATORI BOJALIL,LIZETH GALLEGOS LOZANO
21,018,PVEM,NAYELI SALVATORI BOJALIL,LIZETH GALLEGOS LOZANO
21,018,MC,RAMON FERNANDEZ SOLANA,JORGE CUAUTLE ZAMORA
21,018,PSI,DOLORES MARIA DEL CARMEN PARRA JIMENEZ,CRISTINA BERTONI QUITL
21,018,MORENA,NAYELI SALVATORI BOJALIL,LIZETH GALLEGOS LOZANO
21,018,NAP,NAYELI SALVATORI BOJALIL,LIZETH GALLEGOS LOZANO
21,018,FXMP,NAYELI SALVATORI BOJALIL,LIZETH GALLEGOS LOZANO
21,018,C_PAN_PRI_PRD_PSI,DOLORES MARIA DEL CARMEN PARRA JIMENEZ,CRISTINA BERTONI QUITL
21,018,C_PAN_PRI_PRD,DOLORES MARIA DEL CARMEN PARRA JIMENEZ,CRISTINA BERTONI QUITL
21,018,C_PAN_PRI_PSI,DOLORES MARIA DEL CARMEN PARRA JIMENEZ,CRISTINA BERTONI QUITL
21,018,C_PAN_PRD_PSI,DOLORES MARIA DEL CARMEN PARRA JIMENEZ,CRISTINA BERTONI QUITL
21,018,C_PRI_PRD_PSI,DOLORES MARIA DEL CARMEN PARRA JIMENEZ,CRISTINA BERTONI QUITL
21,018,C_PAN_PRI,DOLORES MARIA DEL CARMEN PARRA JIMENEZ,CRISTINA BERTONI QUITL
21,018,C_PAN_PRD,DOLORES MARIA DEL CARMEN PARRA JIMENEZ,CRISTINA BERTONI QUITL
21,018,C_PAN_PSI,DOLORES MARIA DEL CARMEN PARRA JIMENEZ,CRISTINA BERTONI QUITL
21,018,C_PRI_PRD,DOLORES MARIA DEL CARMEN PARRA JIMENEZ,CRISTINA BERTONI QUITL
21,018,C_PRI_PSI,DOLORES MARIA DEL CARMEN PARRA JIMENEZ,CRISTINA BERTONI QUITL
21,018,C_PRD_PSI,DOLORES MARIA DEL CARMEN PARRA JIMENEZ,CRISTINA BERTONI QUITL
21,018,C_PT_PVEM_MORENA_NAP_FXMP,NAYELI SALVATORI BOJALIL,LIZETH GALLEGOS LOZANO
21,018,C_PT_PVEM_MORENA_NAP,NAYELI SALVATORI BOJALIL,LIZETH GALLEGOS LOZANO
21,018,C_PT_PVEM_MORENA_FXMP,NAYELI SALVATORI BOJALIL,LIZETH GALLEGOS LOZANO
21,018,C_PT_PVEM_NAP_FXMP,NAYELI SALVATORI BOJALIL,LIZETH GALLEGOS LOZANO
21,018,C_PT_MORENA_NAP_FXMP,NAYELI SALVATORI BOJALIL,LIZETH GALLEGOS LOZANO
21,018,C_PVEM_MORENA_NAP_FXMP,NAYELI SALVATORI BOJALIL,LIZETH GALLEGOS LOZANO
21,018,C_PT_PVEM_MORENA,NAYELI SALVATORI BOJALIL,LIZETH GALLEGOS LOZANO
21,018,C_PT_PVEM_NAP,NAYELI SALVATORI BOJALIL,LIZETH GALLEGOS LOZANO
21,018,C_PT_PVEM_FXMP,NAYELI SALVATORI BOJALIL,LIZETH GALLEGOS LOZANO
21,018,C_PT_MORENA_NAP,NAYELI SALVATORI BOJALIL,LIZETH GALLEGOS LOZANO
21,018,C_PT_MORENA_FXMP,NAYELI SALVATORI BOJALIL,LIZETH GALLEGOS LOZANO
21,018,C_PT_NAP_FXMP,NAYELI SALVATORI BOJALIL,LIZETH GALLEGOS LOZANO
21,018,C_PVEM_MORENA_NAP,NAYELI SALVATORI BOJALIL,LIZETH GALLEGOS LOZANO
21,018,C_PVEM_MORENA_FXMP,NAYELI SALVATORI BOJALIL,LIZETH GALLEGOS LOZANO
21,018,C_PVEM_NAP_FXMP,NAYELI SALVATORI BOJALIL,LIZETH GALLEGOS LOZANO
21,018,C_MORENA_NAP_FXMP,NAYELI SALVATORI BOJALIL,LIZETH GALLEGOS LOZANO
21,018,C_PT_PVEM,NAYELI SALVATORI BOJALIL,LIZETH GALLEGOS LOZANO
21,018,C_PT_MORENA,NAYELI SALVATORI BOJALIL,LIZETH GALLEGOS LOZANO
21,018,C_PT_NAP,NAYELI SALVATORI BOJALIL,LIZETH GALLEGOS LOZANO
21,018,C_PT_FXMP,NAYELI SALVATORI BOJALIL,LIZETH GALLEGOS LOZANO
21,018,C_PVEM_MORENA,NAYELI SALVATORI BOJALIL,LIZETH GALLEGOS LOZANO
21,018,C_PVEM_NAP,NAYELI SALVATORI BOJALIL,LIZETH GALLEGOS LOZANO
21,018,C_PVEM_FXMP,NAYELI SALVATORI BOJALIL,LIZETH GALLEGOS LOZANO
21,018,C_MORENA_NAP,NAYELI SALVATORI BOJALIL,LIZETH GALLEGOS LOZANO
21,018,C_MORENA_FXMP,NAYELI SALVATORI BOJALIL,LIZETH GALLEGOS LOZANO
21,018,C_NAP_FXMP,NAYELI SALVATORI BOJALIL,LIZETH GALLEGOS LOZANO
21,019,PAN,KARLA ADRIANA MARTINEZ LECHUGA,YEMINE LOYOLA MAYAGOITIA
21,019,PRI,KARLA ADRIANA MARTINEZ LECHUGA,YEMINE LOYOLA MAYAGOITIA
21,019,PRD,KARLA ADRIANA MARTINEZ LECHUGA,YEMINE LOYOLA MAYAGOITIA
21,019,PT,ROBERTO ZATARAIN LEAL,NICTE ANGELICA TECPANECATL CUESTA
21,019,PVEM,ROBERTO ZATARAIN LEAL,NICTE ANGELICA TECPANECATL CUESTA
21,019,MC,JOSE VARGAS NAJERA,ALEJANDRO TORRES FLORES
21,019,PSI,KARLA ADRIANA MARTINEZ LECHUGA,YEMINE LOYOLA MAYAGOITIA
21,019,MORENA,ROBERTO ZATARAIN LEAL,NICTE ANGELICA TECPANECATL CUESTA
21,019,NAP,ROBERTO ZATARAIN LEAL,NICTE ANGELICA TECPANECATL CUESTA
21,019,FXMP,ROBERTO ZATARAIN LEAL,NICTE ANGELICA TECPANECATL CUESTA
21,019,C_PAN_PRI_PRD_PSI,KARLA ADRIANA MARTINEZ LECHUGA,YEMINE LOYOLA MAYAGOITIA
21,019,C_PAN_PRI_PRD,KARLA ADRIANA MARTINEZ LECHUGA,YEMINE LOYOLA MAYAGOITIA
21,019,C_PAN_PRI_PSI,KARLA ADRIANA MARTINEZ LECHUGA,YEMINE LOYOLA MAYAGOITIA
21,019,C_PAN_PRD_PSI,KARLA ADRIANA MARTINEZ LECHUGA,YEMINE LOYOLA MAYAGOITIA
21,019,C_PRI_PRD_PSI,KARLA ADRIANA MARTINEZ LECHUGA,YEMINE LOYOLA MAYAGOITIA
21,019,C_PAN_PRI,KARLA ADRIANA MARTINEZ LECHUGA,YEMINE LOYOLA MAYAGOITIA
21,019,C_PAN_PRD,KARLA ADRIANA MARTINEZ LECHUGA,YEMINE LOYOLA MAYAGOITIA
21,019,C_PAN_PSI,KARLA ADRIANA MARTINEZ LECHUGA,YEMINE LOYOLA MAYAGOITIA
21,019,C_PRI_PRD,KARLA ADRIANA MARTINEZ LECHUGA,YEMINE LOYOLA MAYAGOITIA
21,019,C_PRI_PSI,KARLA ADRIANA MARTINEZ LECHUGA,YEMINE LOYOLA MAYAGOITIA
21,019,C_PRD_PSI,KARLA ADRIANA MARTINEZ LECHUGA,YEMINE LOYOLA MAYAGOITIA
21,019,C_PT_PVEM_MORENA_NAP_FXMP,ROBERTO ZATARAIN LEAL,NICTE ANGELICA TECPANECATL CUESTA
21,019,C_PT_PVEM_MORENA_NAP,ROBERTO ZATARAIN LEAL,NICTE ANGELICA TECPANECATL CUESTA
21,019,C_PT_PVEM_MORENA_FXMP,ROBERTO ZATARAIN LEAL,NICTE ANGELICA TECPANECATL CUESTA
21,019,C_PT_PVEM_NAP_FXMP,ROBERTO ZATARAIN LEAL,NICTE ANGELICA TECPANECATL CUESTA
21,019,C_PT_MORENA_NAP_FXMP,ROBERTO ZATARAIN LEAL,NICTE ANGELICA TECPANECATL CUESTA
21,019,C_PVEM_MORENA_NAP_FXMP,ROBERTO ZATARAIN LEAL,NICTE ANGELICA TECPANECATL CUESTA
21,019,C_PT_PVEM_MORENA,ROBERTO ZATARAIN LEAL,NICTE ANGELICA TECPANECATL CUESTA
21,019,C_PT_PVEM_NAP,ROBERTO ZATARAIN LEAL,NICTE ANGELICA TECPANECATL CUESTA
21,019,C_PT_PVEM_FXMP,ROBERTO ZATARAIN LEAL,NICTE ANGELICA TECPANECATL CUESTA
21,019,C_PT_MORENA_NAP,ROBERTO ZATARAIN LEAL,NICTE ANGELICA TECPANECATL CUESTA
21,019,C_PT_MORENA_FXMP,ROBERTO ZATARAIN LEAL,NICTE ANGELICA TECPANECATL CUESTA
21,019,C_PT_NAP_FXMP,ROBERTO ZATARAIN LEAL,NICTE ANGELICA TECPANECATL CUESTA
21,019,C_PVEM_MORENA_NAP,ROBERTO ZATARAIN LEAL,NICTE ANGELICA TECPANECATL CUESTA
21,019,C_PVEM_MORENA_FXMP,ROBERTO ZATARAIN LEAL,NICTE ANGELICA TECPANECATL CUESTA
21,019,C_PVEM_NAP_FXMP,ROBERTO ZATARAIN LEAL,NICTE ANGELICA TECPANECATL CUESTA
21,019,C_MORENA_NAP_FXMP,ROBERTO ZATARAIN LEAL,NICTE ANGELICA TECPANECATL CUESTA
21,019,C_PT_PVEM,ROBERTO ZATARAIN LEAL,NICTE ANGELICA TECPANECATL CUESTA
21,019,C_PT_MORENA,ROBERTO ZATARAIN LEAL,NICTE ANGELICA TECPANECATL CUESTA
21,019,C_PT_NAP,ROBERTO ZATARAIN LEAL,NICTE ANGELICA TECPANECATL CUESTA
21,019,C_PT_FXMP,ROBERTO ZATARAIN LEAL,NICTE ANGELICA TECPANECATL CUESTA
21,019,C_PVEM_MORENA,ROBERTO ZATARAIN LEAL,NICTE ANGELICA TECPANECATL CUESTA
21,019,C_PVEM_NAP,ROBERTO ZATARAIN LEAL,NICTE ANGELICA TECPANECATL CUESTA
21,019,C_PVEM_FXMP,ROBERTO ZATARAIN LEAL,NICTE ANGELICA TECPANECATL CUESTA
21,019,C_MORENA_NAP,ROBERTO ZATARAIN LEAL,NICTE ANGELICA TECPANECATL CUESTA
21,019,C_MORENA_FXMP,ROBERTO ZATARAIN LEAL,NICTE ANGELICA TECPANECATL CUESTA
21,019,C_NAP_FXMP,ROBERTO ZATARAIN LEAL,NICTE ANGELICA TECPANECATL CUESTA
21,020,PAN,KARINA ROMERO ALCALA,FLORINA MEZA SILVA
21,020,PRI,KARINA ROMERO ALCALA,FLORINA MEZA SILVA
21,020,PRD,KARINA ROMERO ALCALA,FLORINA MEZA SILVA
21,020,PT,JOSE LUIS FIGUEROA CORTES,ABNER CASTELAN CAMARGO
21,020,PVEM,JOSE LUIS FIGUEROA CORTES,ABNER CASTELAN CAMARGO
21,020,MC,RODOLFO CORTINA CORDERO,REGINA ALEXANDRA REYES MEDINA
21,020,PSI,KARINA ROMERO ALCALA,FLORINA MEZA SILVA
21,020,MORENA,JOSE LUIS FIGUEROA CORTES,ABNER CASTELAN CAMARGO
21,020,NAP,JOSE LUIS FIGUEROA CORTES,ABNER CASTELAN CAMARGO
21,020,FXMP,JOSE LUIS FIGUEROA CORTES,ABNER CASTELAN CAMARGO
21,020,C_PAN_PRI_PRD_PSI,KARINA ROMERO ALCALA,FLORINA MEZA SILVA
21,020,C_PAN_PRI_PRD,KARINA ROMERO ALCALA,FLORINA MEZA SILVA
21,020,C_PAN_PRI_PSI,KARINA ROMERO ALCALA,FLORINA MEZA SILVA
21,020,C_PAN_PRD_PSI,KARINA ROMERO ALCALA,FLORINA MEZA SILVA
21,020,C_PRI_PRD_PSI,KARINA ROMERO ALCALA,FLORINA MEZA SILVA
21,020,C_PAN_PRI,KARINA ROMERO ALCALA,FLORINA MEZA SILVA
21,020,C_PAN_PRD,KARINA ROMERO ALCALA,FLORINA MEZA SILVA
21,020,C_PAN_PSI,KARINA ROMERO ALCALA,FLORINA MEZA SILVA
21,020,C_PRI_PRD,KARINA ROMERO ALCALA,FLORINA MEZA SILVA
21,020,C_PRI_PSI,KARINA ROMERO ALCALA,FLORINA MEZA SILVA
21,020,C_PRD_PSI,KARINA ROMERO ALCALA,FLORINA MEZA SILVA
21,020,C_PT_PVEM_MORENA_NAP_FXMP,JOSE LUIS FIGUEROA CORTES,ABNER CASTELAN CAMARGO
21,020,C_PT_PVEM_MORENA_NAP,JOSE LUIS FIGUEROA CORTES,ABNER CASTELAN CAMARGO
21,020,C_PT_PVEM_MORENA_FXMP,JOSE LUIS FIGUEROA CORTES,ABNER CASTELAN CAMARGO
21,020,C_PT_PVEM_NAP_FXMP,JOSE LUIS FIGUEROA CORTES,ABNER CASTELAN CAMARGO
21,020,C_PT_MORENA_NAP_FXMP,JOSE LUIS FIGUEROA CORTES,ABNER CASTELAN CAMARGO
21,020,C_PVEM_MORENA_NAP_FXMP,JOSE LUIS FIGUEROA CORTES,ABNER CASTELAN CAMARGO
21,020,C_PT_PVEM_MORENA,JOSE LUIS FIGUEROA CORTES,ABNER CASTELAN CAMARGO
21,020,C_PT_PVEM_NAP,JOSE LUIS FIGUEROA CORTES,ABNER CASTELAN CAMARGO
21,020,C_PT_PVEM_FXMP,JOSE LUIS FIGUEROA CORTES,ABNER CASTELAN CAMARGO
21,020,C_PT_MORENA_NAP,JOSE LUIS FIGUEROA CORTES,ABNER CASTELAN CAMARGO
21,020,C_PT_MORENA_FXMP,JOSE LUIS FIGUEROA CORTES,ABNER CASTELAN CAMARGO
21,020,C_PT_NAP_FXMP,JOSE LUIS FIGUEROA CORTES,ABNER CASTELAN CAMARGO
21,020,C_PVEM_MORENA_NAP,JOSE LUIS FIGUEROA CORTES,ABNER CASTELAN CAMARGO
21,020,C_PVEM_MORENA_FXMP,JOSE LUIS FIGUEROA CORTES,ABNER CASTELAN CAMARGO
21,020,C_PVEM_NAP_FXMP,JOSE LUIS FIGUEROA CORTES,ABNER CASTELAN CAMARGO
21,020,C_MORENA_NAP_FXMP,JOSE LUIS FIGUEROA CORTES,ABNER CASTELAN CAMARGO
21,020,C_PT_PVEM,JOSE LUIS FIGUEROA CORTES,ABNER CASTELAN CAMARGO
21,020,C_PT_MORENA,JOSE LUIS FIGUEROA CORTES,ABNER CASTELAN CAMARGO
21,020,C_PT_NAP,JOSE LUIS FIGUEROA CORTES,ABNER CASTELAN CAMARGO
21,020,C_PT_FXMP,JOSE LUIS FIGUEROA CORTES,ABNER CASTELAN CAMARGO
21,020,C_PVEM_MORENA,JOSE LUIS FIGUEROA CORTES,ABNER CASTELAN CAMARGO
21,020,C_PVEM_NAP,JOSE LUIS FIGUEROA CORTES,ABNER CASTELAN CAMARGO
21,020,C_PVEM_FXMP,JOSE LUIS FIGUEROA CORTES,ABNER CASTELAN CAMARGO
21,020,C_MORENA_NAP,JOSE LUIS FIGUEROA CORTES,ABNER CASTELAN CAMARGO
21,020,C_MORENA_FXMP,JOSE LUIS FIGUEROA CORTES,ABNER CASTELAN CAMARGO
21,020,C_NAP_FXMP,JOSE LUIS FIGUEROA CORTES,ABNER CASTELAN CAMARGO
21,021,PAN,ANGELICA PATRICIA HIDALGO ELGUEA,EMMA ALONSO HERNANDEZ
21,021,PRI,ANGELICA PATRICIA HIDALGO ELGUEA,EMMA ALONSO HERNANDEZ
21,021,PRD,ANGELICA PATRICIA HIDALGO ELGUEA,EMMA ALONSO HERNANDEZ
21,021,PT,ANA LAURA ALTAMIRANO PEREZ,MODESTA DELGADO JUAREZ
21,021,PVEM,ANA LAURA ALTAMIRANO PEREZ,MODESTA DELGADO JUAREZ
21,021,MC,MONICA DEL CARMEN HERNANDEZ MARTINEZ,MONICA AIDITI SANABRIA SOLIS
21,021,PSI,ANGELICA PATRICIA HIDALGO ELGUEA,EMMA ALONSO HERNANDEZ
21,021,MORENA,ANA LAURA ALTAMIRANO PEREZ,MODESTA DELGADO JUAREZ
21,021,NAP,ANA LAURA ALTAMIRANO PEREZ,MODESTA DELGADO JUAREZ
21,021,FXMP,ANA LAURA ALTAMIRANO PEREZ,MODESTA DELGADO JUAREZ
21,021,C_PAN_PRI_PRD_PSI,ANGELICA PATRICIA HIDALGO ELGUEA,EMMA ALONSO HERNANDEZ
21,021,C_PAN_PRI_PRD,ANGELICA PATRICIA HIDALGO ELGUEA,EMMA ALONSO HERNANDEZ
21,021,C_PAN_PRI_PSI,ANGELICA PATRICIA HIDALGO ELGUEA,EMMA ALONSO HERNANDEZ
21,021,C_PAN_PRD_PSI,ANGELICA PATRICIA HIDALGO ELGUEA,EMMA ALONSO HERNANDEZ
21,021,C_PRI_PRD_PSI,ANGELICA PATRICIA HIDALGO ELGUEA,EMMA ALONSO HERNANDEZ
21,021,C_PAN_PRI,ANGELICA PATRICIA HIDALGO ELGUEA,EMMA ALONSO HERNANDEZ
21,021,C_PAN_PRD,ANGELICA PATRICIA HIDALGO ELGUEA,EMMA ALONSO HERNANDEZ
21,021,C_PAN_PSI,ANGELICA PATRICIA HIDALGO ELGUEA,EMMA ALONSO HERNANDEZ
21,021,C_PRI_PRD,ANGELICA PATRICIA HIDALGO ELGUEA,EMMA ALONSO HERNANDEZ
21,021,C_PRI_PSI,ANGELICA PATRICIA HIDALGO ELGUEA,EMMA ALONSO HERNANDEZ
21,021,C_PRD_PSI,ANGELICA PATRICIA HIDALGO ELGUEA,EMMA ALONSO HERNANDEZ
21,021,C_PT_PVEM_MORENA_NAP_FXMP,ANA LAURA ALTAMIRANO PEREZ,MODESTA DELGADO JUAREZ
21,021,C_PT_PVEM_MORENA_NAP,ANA LAURA ALTAMIRANO PEREZ,MODESTA DELGADO JUAREZ
21,021,C_PT_PVEM_MORENA_FXMP,ANA LAURA ALTAMIRANO PEREZ,MODESTA DELGADO JUAREZ
21,021,C_PT_PVEM_NAP_FXMP,ANA LAURA ALTAMIRANO PEREZ,MODESTA DELGADO JUAREZ
21,021,C_PT_MORENA_NAP_FXMP,ANA LAURA ALTAMIRANO PEREZ,MODESTA DELGADO JUAREZ
21,021,C_PVEM_MORENA_NAP_FXMP,ANA LAURA ALTAMIRANO PEREZ,MODESTA DELGADO JUAREZ
21,021,C_PT_PVEM_MORENA,ANA LAURA ALTAMIRANO PEREZ,MODESTA DELGADO JUAREZ
21,021,C_PT_PVEM_NAP,ANA LAURA ALTAMIRANO PEREZ,MODESTA DELGADO JUAREZ
21,021,C_PT_PVEM_FXMP,ANA LAURA ALTAMIRANO PEREZ,MODESTA DELGADO JUAREZ
21,021,C_PT_MORENA_NAP,ANA LAURA ALTAMIRANO PEREZ,MODESTA DELGADO JUAREZ
21,021,C_PT_MORENA_FXMP,ANA LAURA ALTAMIRANO PEREZ,MODESTA DELGADO JUAREZ
21,021,C_PT_NAP_FXMP,ANA LAURA ALTAMIRANO PEREZ,MODESTA DELGADO JUAREZ
21,021,C_PVEM_MORENA_NAP,ANA LAURA ALTAMIRANO PEREZ,MODESTA DELGADO JUAREZ
21,021,C_PVEM_MORENA_FXMP,ANA LAURA ALTAMIRANO PEREZ,MODESTA DELGADO JUAREZ
21,021,C_PVEM_NAP_FXMP,ANA LAURA ALTAMIRANO PEREZ,MODESTA DELGADO JUAREZ
21,021,C_MORENA_NAP_FXMP,ANA LAURA ALTAMIRANO PEREZ,MODESTA DELGADO JUAREZ
21,021,C_PT_PVEM,ANA LAURA ALTAMIRANO PEREZ,MODESTA DELGADO JUAREZ
21,021,C_PT_MORENA,ANA LAURA ALTAMIRANO PEREZ,MODESTA DELGADO JUAREZ
21,021,C_PT_NAP,ANA LAURA ALTAMIRANO PEREZ,MODESTA DELGADO JUAREZ
21,021,C_PT_FXMP,ANA LAURA ALTAMIRANO PEREZ,MODESTA DELGADO JUAREZ
21,021,C_PVEM_MORENA,ANA LAURA ALTAMIRANO PEREZ,MODESTA DELGADO JUAREZ
21,021,C_PVEM_NAP,ANA LAURA ALTAMIRANO PEREZ,MODESTA DELGADO JUAREZ
21,021,C_PVEM_FXMP,ANA LAURA ALTAMIRANO PEREZ,MODESTA DELGADO JUAREZ
21,021,C_MORENA_NAP,ANA LAURA ALTAMIRANO PEREZ,MODESTA DELGADO JUAREZ
21,021,C_MORENA_FXMP,ANA LAURA ALTAMIRANO PEREZ,MODESTA DELGADO JUAREZ
21,021,C_NAP_FXMP,ANA LAURA ALTAMIRANO PEREZ,MODESTA DELGADO JUAREZ
21,022,PAN,MIROSLAVA CARDENAS DUEÑAS,MARIA SUSANA NAVARRETE CONTRERAS
21,022,PRI,MIROSLAVA CARDENAS DUEÑAS,MARIA SUSANA NAVARRETE CONTRERAS
21,022,PRD,MIROSLAVA CARDENAS DUEÑAS,MARIA SUSANA NAVARRETE CONTRERAS
21,022,PT,AZUCENA ROSAS TAPIA,NATALIE HOYOS LOPEZ
21,022,PVEM,AZUCENA ROSAS TAPIA,NATALIE HOYOS LOPEZ
21,022,MC,MARIA AZUCENA CAMPOS GARCIA,MARISOL CHAVEZ AGUILAR
21,022,PSI,MIROSLAVA CARDENAS DUEÑAS,MARIA SUSANA NAVARRETE CONTRERAS
21,022,MORENA,AZUCENA ROSAS TAPIA,NATALIE HOYOS LOPEZ
21,022,NAP,AZUCENA ROSAS TAPIA,NATALIE HOYOS LOPEZ
21,022,FXMP,AZUCENA ROSAS TAPIA,NATALIE HOYOS LOPEZ
21,022,C_PAN_PRI_PRD_PSI,MIROSLAVA CARDENAS DUEÑAS,MARIA SUSANA NAVARRETE CONTRERAS
21,022,C_PAN_PRI_PRD,MIROSLAVA CARDENAS DUEÑAS,MARIA SUSANA NAVARRETE CONTRERAS
21,022,C_PAN_PRI_PSI,MIROSLAVA CARDENAS DUEÑAS,MARIA SUSANA NAVARRETE CONTRERAS
21,022,C_PAN_PRD_PSI,MIROSLAVA CARDENAS DUEÑAS,MARIA SUSANA NAVARRETE CONTRERAS
21,022,C_PRI_PRD_PSI,MIROSLAVA CARDENAS DUEÑAS,MARIA SUSANA NAVARRETE CONTRERAS
21,022,C_PAN_PRI,MIROSLAVA CARDENAS DUEÑAS,MARIA SUSANA NAVARRETE CONTRERAS
21,022,C_PAN_PRD,MIROSLAVA CARDENAS DUEÑAS,MARIA SUSANA NAVARRETE CONTRERAS
21,022,C_PAN_PSI,MIROSLAVA CARDENAS DUEÑAS,MARIA SUSANA NAVARRETE CONTRERAS
21,022,C_PRI_PRD,MIROSLAVA CARDENAS DUEÑAS,MARIA SUSANA NAVARRETE CONTRERAS
21,022,C_PRI_PSI,MIROSLAVA CARDENAS DUEÑAS,MARIA SUSANA NAVARRETE CONTRERAS
21,022,C_PRD_PSI,MIROSLAVA CARDENAS DUEÑAS,MARIA SUSANA NAVARRETE CONTRERAS
21,022,C_PT_PVEM_MORENA_NAP_FXMP,AZUCENA ROSAS TAPIA,NATALIE HOYOS LOPEZ
21,022,C_PT_PVEM_MORENA_NAP,AZUCENA ROSAS TAPIA,NATALIE HOYOS LOPEZ
21,022,C_PT_PVEM_MORENA_FXMP,AZUCENA ROSAS TAPIA,NATALIE HOYOS LOPEZ
21,022,C_PT_PVEM_NAP_FXMP,AZUCENA ROSAS TAPIA,NATALIE HOYOS LOPEZ
21,022,C_PT_MORENA_NAP_FXMP,AZUCENA ROSAS TAPIA,NATALIE HOYOS LOPEZ
21,022,C_PVEM_MORENA_NAP_FXMP,AZUCENA ROSAS TAPIA,NATALIE HOYOS LOPEZ
21,022,C_PT_PVEM_MORENA,AZUCENA ROSAS TAPIA,NATALIE HOYOS LOPEZ
21,022,C_PT_PVEM_NAP,AZUCENA ROSAS TAPIA,NATALIE HOYOS LOPEZ
21,022,C_PT_PVEM_FXMP,AZUCENA ROSAS TAPIA,NATALIE HOYOS LOPEZ
21,022,C_PT_MORENA_NAP,AZUCENA ROSAS TAPIA,NATALIE HOYOS LOPEZ
21,022,C_PT_MORENA_FXMP,AZUCENA ROSAS TAPIA,NATALIE HOYOS LOPEZ
21,022,C_PT_NAP_FXMP,AZUCENA ROSAS TAPIA,NATALIE HOYOS LOPEZ
21,022,C_PVEM_MORENA_NAP,AZUCENA ROSAS TAPIA,NATALIE HOYOS LOPEZ
21,022,C_PVEM_MORENA_FXMP,AZUCENA ROSAS TAPIA,NATALIE HOYOS LOPEZ
21,022,C_PVEM_NAP_FXMP,AZUCENA ROSAS TAPIA,NATALIE HOYOS LOPEZ
21,022,C_MORENA_NAP_FXMP,AZUCENA ROSAS TAPIA,NATALIE HOYOS LOPEZ
21,022,C_PT_PVEM,AZUCENA ROSAS TAPIA,NATALIE HOYOS LOPEZ
21,022,C_PT_MORENA,AZUCENA ROSAS TAPIA,NATALIE HOYOS LOPEZ
21,022,C_PT_NAP,AZUCENA ROSAS TAPIA,NATALIE HOYOS LOPEZ
21,022,C_PT_FXMP,AZUCENA ROSAS TAPIA,NATALIE HOYOS LOPEZ
21,022,C_PVEM_MORENA,AZUCENA ROSAS TAPIA,NATALIE HOYOS LOPEZ
21,022,C_PVEM_NAP,AZUCENA ROSAS TAPIA,NATALIE HOYOS LOPEZ
21,022,C_PVEM_FXMP,AZUCENA ROSAS TAPIA,NATALIE HOYOS LOPEZ
21,022,C_MORENA_NAP,AZUCENA ROSAS TAPIA,NATALIE HOYOS LOPEZ
21,022,C_MORENA_FXMP,AZUCENA ROSAS TAPIA,NATALIE HOYOS LOPEZ
21,022,C_NAP_FXMP,AZUCENA ROSAS TAPIA,NATALIE HOYOS LOPEZ
21,023,PAN,CAROLINA ROSALES SANCHEZ,GEMMA NAJERA PLIEGO
21,023,PRI,CAROLINA ROSALES SANCHEZ,GEMMA NAJERA PLIEGO
21,023,PRD,CAROLINA ROSALES SANCHEZ,GEMMA NAJERA PLIEGO
21,023,PT,PAVEL GASPAR RAMIREZ,MARITZA MARIN MARCELO
21,023,PVEM,PAVEL GASPAR RAMIREZ,MARITZA MARIN MARCELO
21,023,MC,ADAN ORTIZ HERNANDEZ,ATLETL DONALDO CARBAJAL MARTINEZ
21,023,PSI,CAROLINA ROSALES SANCHEZ,GEMMA NAJERA PLIEGO
21,023,MORENA,PAVEL GASPAR RAMIREZ,MARITZA MARIN MARCELO
21,023,NAP,PAVEL GASPAR RAMIREZ,MARITZA MARIN MARCELO
21,023,FXMP,PAVEL GASPAR RAMIREZ,MARITZA MARIN MARCELO
21,023,C_PAN_PRI_PRD_PSI,CAROLINA ROSALES SANCHEZ,GEMMA NAJERA PLIEGO
21,023,C_PAN_PRI_PRD,CAROLINA ROSALES SANCHEZ,GEMMA NAJERA PLIEGO
21,023,C_PAN_PRI_PSI,CAROLINA ROSALES SANCHEZ,GEMMA NAJERA PLIEGO
21,023,C_PAN_PRD_PSI,CAROLINA ROSALES SANCHEZ,GEMMA NAJERA PLIEGO
21,023,C_PRI_PRD_PSI,CAROLINA ROSALES SANCHEZ,GEMMA NAJERA PLIEGO
21,023,C_PAN_PRI,CAROLINA ROSALES SANCHEZ,GEMMA NAJERA PLIEGO
21,023,C_PAN_PRD,CAROLINA ROSALES SANCHEZ,GEMMA NAJERA PLIEGO
21,023,C_PAN_PSI,CAROLINA ROSALES SANCHEZ,GEMMA NAJERA PLIEGO
21,023,C_PRI_PRD,CAROLINA ROSALES SANCHEZ,GEMMA NAJERA PLIEGO
21,023,C_PRI_PSI,CAROLINA ROSALES SANCHEZ,GEMMA NAJERA PLIEGO
21,023,C_PRD_PSI,CAROLINA ROSALES SANCHEZ,GEMMA NAJERA PLIEGO
21,023,C_PT_PVEM_MORENA_NAP_FXMP,PAVEL GASPAR RAMIREZ,MARITZA MARIN MARCELO
21,023,C_PT_PVEM_MORENA_NAP,PAVEL GASPAR RAMIREZ,MARITZA MARIN MARCELO
21,023,C_PT_PVEM_MORENA_FXMP,PAVEL GASPAR RAMIREZ,MARITZA MARIN MARCELO
21,023,C_PT_PVEM_NAP_FXMP,PAVEL GASPAR RAMIREZ,MARITZA MARIN MARCELO
21,023,C_PT_MORENA_NAP_FXMP,PAVEL GASPAR RAMIREZ,MARITZA MARIN MARCELO
21,023,C_PVEM_MORENA_NAP_FXMP,PAVEL GASPAR RAMIREZ,MARITZA MARIN MARCELO
21,023,C_PT_PVEM_MORENA,PAVEL GASPAR RAMIREZ,MARITZA MARIN MARCELO
21,023,C_PT_PVEM_NAP,PAVEL GASPAR RAMIREZ,MARITZA MARIN MARCELO
21,023,C_PT_PVEM_FXMP,PAVEL GASPAR RAMIREZ,MARITZA MARIN MARCELO
21,023,C_PT_MORENA_NAP,PAVEL GASPAR RAMIREZ,MARITZA MARIN MARCELO
21,023,C_PT_MORENA_FXMP,PAVEL GASPAR RAMIREZ,MARITZA MARIN MARCELO
21,023,C_PT_NAP_FXMP,PAVEL GASPAR RAMIREZ,MARITZA MARIN MARCELO
21,023,C_PVEM_MORENA_NAP,PAVEL GASPAR RAMIREZ,MARITZA MARIN MARCELO
21,023,C_PVEM_MORENA_FXMP,PAVEL GASPAR RAMIREZ,MARITZA MARIN MARCELO
21,023,C_PVEM_NAP_FXMP,PAVEL GASPAR RAMIREZ,MARITZA MARIN MARCELO
21,023,C_MORENA_NAP_FXMP,PAVEL GASPAR RAMIREZ,MARITZA MARIN MARCELO
21,023,C_PT_PVEM,PAVEL GASPAR RAMIREZ,MARITZA MARIN MARCELO
21,023,C_PT_MORENA,PAVEL GASPAR RAMIREZ,MARITZA MARIN MARCELO
21,023,C_PT_NAP,PAVEL GASPAR RAMIREZ,MARITZA MARIN MARCELO
21,023,C_PT_FXMP,PAVEL GASPAR RAMIREZ,MARITZA MARIN MARCELO
21,023,C_PVEM_MORENA,PAVEL GASPAR RAMIREZ,MARITZA MARIN MARCELO
21,023,C_PVEM_NAP,PAVEL GASPAR RAMIREZ,MARITZA MARIN MARCELO
21,023,C_PVEM_FXMP,PAVEL GASPAR RAMIREZ,MARITZA MARIN MARCELO
21,023,C_MORENA_NAP,PAVEL GASPAR RAMIREZ,MARITZA MARIN MARCELO
21,023,C_MORENA_FXMP,PAVEL GASPAR RAMIREZ,MARITZA MARIN MARCELO
21,023,C_NAP_FXMP,PAVEL GASPAR RAMIREZ,MARITZA MARIN MARCELO
21,024,PAN,ENRIQUETA SANCHEZ FLORES,MARIA DEL CARMEN CULEBRO CASAS
21,024,PRI,ENRIQUETA SANCHEZ FLORES,MARIA DEL CARMEN CULEBRO CASAS
21,024,PRD,ENRIQUETA SANCHEZ FLORES,MARIA DEL CARMEN CULEBRO CASAS
21,024,PT,LEONELA JAZMIN MARTINEZ AYALA,NADIA VIANNEY HERNANDEZ CARREON
21,024,PVEM,LEONELA JAZMIN MARTINEZ AYALA,NADIA VIANNEY HERNANDEZ CARREON
21,024,MC,JOSE ISRAEL BAUTISTA GINEZ,ELIAS ANGEL BELLO ROMERO
21,024,PSI,ENRIQUETA SANCHEZ FLORES,MARIA DEL CARMEN CULEBRO CASAS
21,024,MORENA,LEONELA JAZMIN MARTINEZ AYALA,NADIA VIANNEY HERNANDEZ CARREON
21,024,NAP,LEONELA JAZMIN MARTINEZ AYALA,NADIA VIANNEY HERNANDEZ CARREON
21,024,FXMP,LEONELA JAZMIN MARTINEZ AYALA,NADIA VIANNEY HERNANDEZ CARREON
21,024,C_PAN_PRI_PRD_PSI,ENRIQUETA SANCHEZ FLORES,MARIA DEL CARMEN CULEBRO CASAS
21,024,C_PAN_PRI_PRD,ENRIQUETA SANCHEZ FLORES,MARIA DEL CARMEN CULEBRO CASAS
21,024,C_PAN_PRI_PSI,ENRIQUETA SANCHEZ FLORES,MARIA DEL CARMEN CULEBRO CASAS
21,024,C_PAN_PRD_PSI,ENRIQUETA SANCHEZ FLORES,MARIA DEL CARMEN CULEBRO CASAS
21,024,C_PRI_PRD_PSI,ENRIQUETA SANCHEZ FLORES,MARIA DEL CARMEN CULEBRO CASAS
21,024,C_PAN_PRI,ENRIQUETA SANCHEZ FLORES,MARIA DEL CARMEN CULEBRO CASAS
21,024,C_PAN_PRD,ENRIQUETA SANCHEZ FLORES,MARIA DEL CARMEN CULEBRO CASAS
21,024,C_PAN_PSI,ENRIQUETA SANCHEZ FLORES,MARIA DEL CARMEN CULEBRO CASAS
21,024,C_PRI_PRD,ENRIQUETA SANCHEZ FLORES,MARIA DEL CARMEN CULEBRO CASAS
21,024,C_PRI_PSI,ENRIQUETA SANCHEZ FLORES,MARIA DEL CARMEN CULEBRO CASAS
21,024,C_PRD_PSI,ENRIQUETA SANCHEZ FLORES,MARIA DEL CARMEN CULEBRO CASAS
21,024,C_PT_PVEM_MORENA_NAP_FXMP,LEONELA JAZMIN MARTINEZ AYALA,NADIA VIANNEY HERNANDEZ CARREON
21,024,C_PT_PVEM_MORENA_NAP,LEONELA JAZMIN MARTINEZ AYALA,NADIA VIANNEY HERNANDEZ CARREON
21,024,C_PT_PVEM_MORENA_FXMP,LEONELA JAZMIN MARTINEZ AYALA,NADIA VIANNEY HERNANDEZ CARREON
21,024,C_PT_PVEM_NAP_FXMP,LEONELA JAZMIN MARTINEZ AYALA,NADIA VIANNEY HERNANDEZ CARREON
21,024,C_PT_MORENA_NAP_FXMP,LEONELA JAZMIN MARTINEZ AYALA,NADIA VIANNEY HERNANDEZ CARREON
21,024,C_PVEM_MORENA_NAP_FXMP,LEONELA JAZMIN MARTINEZ AYALA,NADIA VIANNEY HERNANDEZ CARREON
21,024,C_PT_PVEM_MORENA,LEONELA JAZMIN MARTINEZ AYALA,NADIA VIANNEY HERNANDEZ CARREON
21,024,C_PT_PVEM_NAP,LEONELA JAZMIN MARTINEZ AYALA,NADIA VIANNEY HERNANDEZ CARREON
21,024,C_PT_PVEM_FXMP,LEONELA JAZMIN MARTINEZ AYALA,NADIA VIANNEY HERNANDEZ CARREON
21,024,C_PT_MORENA_NAP,LEONELA JAZMIN MARTINEZ AYALA,NADIA VIANNEY HERNANDEZ CARREON
21,024,C_PT_MORENA_FXMP,LEONELA JAZMIN MARTINEZ AYALA,NADIA VIANNEY HERNANDEZ CARREON
21,024,C_PT_NAP_FXMP,LEONELA JAZMIN MARTINEZ AYALA,NADIA VIANNEY HERNANDEZ CARREON
21,024,C_PVEM_MORENA_NAP,LEONELA JAZMIN MARTINEZ AYALA,NADIA VIANNEY HERNANDEZ CARREON
21,024,C_PVEM_MORENA_FXMP,LEONELA JAZMIN MARTINEZ AYALA,NADIA VIANNEY HERNANDEZ CARREON
21,024,C_PVEM_NAP_FXMP,LEONELA JAZMIN MARTINEZ AYALA,NADIA VIANNEY HERNANDEZ CARREON
21,024,C_MORENA_NAP_FXMP,LEONELA JAZMIN MARTINEZ AYALA,NADIA VIANNEY HERNANDEZ CARREON
21,024,C_PT_PVEM,LEONELA JAZMIN MARTINEZ AYALA,NADIA VIANNEY HERNANDEZ CARREON
21,024,C_PT_MORENA,LEONELA JAZMIN MARTINEZ AYALA,NADIA VIANNEY HERNANDEZ CARREON
21,024,C_PT_NAP,LEONELA JAZMIN MARTINEZ AYALA,NADIA VIANNEY HERNANDEZ CARREON
21,024,C_PT_FXMP,LEONELA JAZMIN MARTINEZ AYALA,NADIA VIANNEY HERNANDEZ CARREON
21,024,C_PVEM_MORENA,LEONELA JAZMIN MARTINEZ AYALA,NADIA VIANNEY HERNANDEZ CARREON
21,024,C_PVEM_NAP,LEONELA JAZMIN MARTINEZ AYALA,NADIA VIANNEY HERNANDEZ CARREON
21,024,C_PVEM_FXMP,LEONELA JAZMIN MARTINEZ AYALA,NADIA VIANNEY HERNANDEZ CARREON
21,024,C_MORENA_NAP,LEONELA JAZMIN MARTINEZ AYALA,NADIA VIANNEY HERNANDEZ CARREON
21,024,C_MORENA_FXMP,LEONELA JAZMIN MARTINEZ AYALA,NADIA VIANNEY HERNANDEZ CARREON
21,024,C_NAP_FXMP,LEONELA JAZMIN MARTINEZ AYALA,NADIA VIANNEY HERNANDEZ CARREON
21,025,PAN,FRANCISCO JAVIER DIAZ FERNANDEZ,FELIPA ROJAS TORRES
21,025,PRI,FRANCISCO JAVIER DIAZ FERNANDEZ,FELIPA ROJAS TORRES
21,025,PRD,FRANCISCO JAVIER DIAZ FERNANDEZ,FELIPA ROJAS TORRES
21,025,PT,ARACELI CELESTINO ROSAS,ELOISA RODRIGUEZ ZAMORA
21,025,PVEM,ARACELI CELESTINO ROSAS,ELOISA RODRIGUEZ ZAMORA
21,025,MC,REYNALDA TRUJILLO RODRIGUEZ,ESMERALDA RAMIREZ HERNANDEZ
21,025,PSI,FRANCISCO JAVIER DIAZ FERNANDEZ,FELIPA ROJAS TORRES
21,025,MORENA,ARACELI CELESTINO ROSAS,ELOISA RODRIGUEZ ZAMORA
21,025,NAP,ARACELI CELESTINO ROSAS,ELOISA RODRIGUEZ ZAMORA
21,025,FXMP,ARACELI CELESTINO ROSAS,ELOISA RODRIGUEZ ZAMORA
21,025,C_PAN_PRI_PRD_PSI,FRANCISCO JAVIER DIAZ FERNANDEZ,FELIPA ROJAS TORRES
21,025,C_PAN_PRI_PRD,FRANCISCO JAVIER DIAZ FERNANDEZ,FELIPA ROJAS TORRES
21,025,C_PAN_PRI_PSI,FRANCISCO JAVIER DIAZ FERNANDEZ,FELIPA ROJAS TORRES
21,025,C_PAN_PRD_PSI,FRANCISCO JAVIER DIAZ FERNANDEZ,FELIPA ROJAS TORRES
21,025,C_PRI_PRD_PSI,FRANCISCO JAVIER DIAZ FERNANDEZ,FELIPA ROJAS TORRES
21,025,C_PAN_PRI,FRANCISCO JAVIER DIAZ FERNANDEZ,FELIPA ROJAS TORRES
21,025,C_PAN_PRD,FRANCISCO JAVIER DIAZ FERNANDEZ,FELIPA ROJAS TORRES
21,025,C_PAN_PSI,FRANCISCO JAVIER DIAZ FERNANDEZ,FELIPA ROJAS TORRES
21,025,C_PRI_PRD,FRANCISCO JAVIER DIAZ FERNANDEZ,FELIPA ROJAS TORRES
21,025,C_PRI_PSI,FRANCISCO JAVIER DIAZ FERNANDEZ,FELIPA ROJAS TORRES
21,025,C_PRD_PSI,FRANCISCO JAVIER DIAZ FERNANDEZ,FELIPA ROJAS TORRES
21,025,C_PT_PVEM_MORENA_NAP_FXMP,ARACELI CELESTINO ROSAS,ELOISA RODRIGUEZ ZAMORA
21,025,C_PT_PVEM_MORENA_NAP,ARACELI CELESTINO ROSAS,ELOISA RODRIGUEZ ZAMORA
21,025,C_PT_PVEM_MORENA_FXMP,ARACELI CELESTINO ROSAS,ELOISA RODRIGUEZ ZAMORA
21,025,C_PT_PVEM_NAP_FXMP,ARACELI CELESTINO ROSAS,ELOISA RODRIGUEZ ZAMORA
21,025,C_PT_MORENA_NAP_FXMP,ARACELI CELESTINO ROSAS,ELOISA RODRIGUEZ ZAMORA
21,025,C_PVEM_MORENA_NAP_FXMP,ARACELI CELESTINO ROSAS,ELOISA RODRIGUEZ ZAMORA
21,025,C_PT_PVEM_MORENA,ARACELI CELESTINO ROSAS,ELOISA RODRIGUEZ ZAMORA
21,025,C_PT_PVEM_NAP,ARACELI CELESTINO ROSAS,ELOISA RODRIGUEZ ZAMORA
21,025,C_PT_PVEM_FXMP,ARACELI CELESTINO ROSAS,ELOISA RODRIGUEZ ZAMORA
21,025,C_PT_MORENA_NAP,ARACELI CELESTINO ROSAS,ELOISA RODRIGUEZ ZAMORA
21,025,C_PT_MORENA_FXMP,ARACELI CELESTINO ROSAS,ELOISA RODRIGUEZ ZAMORA
21,025,C_PT_NAP_FXMP,ARACELI CELESTINO ROSAS,ELOISA RODRIGUEZ ZAMORA
21,025,C_PVEM_MORENA_NAP,ARACELI CELESTINO ROSAS,ELOISA RODRIGUEZ ZAMORA
21,025,C_PVEM_MORENA_FXMP,ARACELI CELESTINO ROSAS,ELOISA RODRIGUEZ ZAMORA
21,025,C_PVEM_NAP_FXMP,ARACELI CELESTINO ROSAS,ELOISA RODRIGUEZ ZAMORA
21,025,C_MORENA_NAP_FXMP,ARACELI CELESTINO ROSAS,ELOISA RODRIGUEZ ZAMORA
21,025,C_PT_PVEM,ARACELI CELESTINO ROSAS,ELOISA RODRIGUEZ ZAMORA
21,025,C_PT_MORENA,ARACELI CELESTINO ROSAS,ELOISA RODRIGUEZ ZAMORA
21,025,C_PT_NAP,ARACELI CELESTINO ROSAS,ELOISA RODRIGUEZ ZAMORA
21,025,C_PT_FXMP,ARACELI CELESTINO ROSAS,ELOISA RODRIGUEZ ZAMORA
21,025,C_PVEM_MORENA,ARACELI CELESTINO ROSAS,ELOISA RODRIGUEZ ZAMORA
21,025,C_PVEM_NAP,ARACELI CELESTINO ROSAS,ELOISA RODRIGUEZ ZAMORA
21,025,C_PVEM_FXMP,ARACELI CELESTINO ROSAS,ELOISA RODRIGUEZ ZAMORA
21,025,C_MORENA_NAP,ARACELI CELESTINO ROSAS,ELOISA RODRIGUEZ ZAMORA
21,025,C_MORENA_FXMP,ARACELI CELESTINO ROSAS,ELOISA RODRIGUEZ ZAMORA
21,025,C_NAP_FXMP,ARACELI CELESTINO ROSAS,ELOISA RODRIGUEZ ZAMORA
21,026,PAN,JACINTO DE JESUS BARTOLO,ALFONSO ARMANDO FLORES ZUÑIGA
21,026,PRI,JACINTO DE JESUS BARTOLO,ALFONSO ARMANDO FLORES ZUÑIGA
21,026,PRD,JACINTO DE JESUS BARTOLO,ALFONSO ARMANDO FLORES ZUÑIGA
21,026,PT,ROSALIO ZANATTA VIDAURRI,LUIS ENRIQUE GOMEZ SOTO
21,026,PVEM,ROSALIO ZANATTA VIDAURRI,LUIS ENRIQUE GOMEZ SOTO
21,026,MC,HONOR HERNANDEZ HERNANDEZ,FEDRHA ISABEL SURIANO CORRALES
21,026,PSI,JACINTO DE JESUS BARTOLO,ALFONSO ARMANDO FLORES ZUÑIGA
21,026,MORENA,ROSALIO ZANATTA VIDAURRI,LUIS ENRIQUE GOMEZ SOTO
21,026,NAP,ROSALIO ZANATTA VIDAURRI,LUIS ENRIQUE GOMEZ SOTO
21,026,FXMP,ROSALIO ZANATTA VIDAURRI,LUIS ENRIQUE GOMEZ SOTO
21,026,C_PAN_PRI_PRD_PSI,JACINTO DE JESUS BARTOLO,ALFONSO ARMANDO FLORES ZUÑIGA
21,026,C_PAN_PRI_PRD,JACINTO DE JESUS BARTOLO,ALFONSO ARMANDO FLORES ZUÑIGA
21,026,C_PAN_PRI_PSI,JACINTO DE JESUS BARTOLO,ALFONSO ARMANDO FLORES ZUÑIGA
21,026,C_PAN_PRD_PSI,JACINTO DE JESUS BARTOLO,ALFONSO ARMANDO FLORES ZUÑIGA
21,026,C_PRI_PRD_PSI,JACINTO DE JESUS BARTOLO,ALFONSO ARMANDO FLORES ZUÑIGA
21,026,C_PAN_PRI,JACINTO DE JESUS BARTOLO,ALFONSO ARMANDO FLORES ZUÑIGA
21,026,C_PAN_PRD,JACINTO DE JESUS BARTOLO,ALFONSO ARMANDO FLORES ZUÑIGA
21,026,C_PAN_PSI,JACINTO DE JESUS BARTOLO,ALFONSO ARMANDO FLORES ZUÑIGA
21,026,C_PRI_PRD,JACINTO DE JESUS BARTOLO,ALFONSO ARMANDO FLORES ZUÑIGA
21,026,C_PRI_PSI,JACINTO DE JESUS BARTOLO,ALFONSO ARMANDO FLORES ZUÑIGA
21,026,C_PRD_PSI,JACINTO DE JESUS BARTOLO,ALFONSO ARMANDO FLORES ZUÑIGA
21,026,C_PT_PVEM_MORENA_NAP_FXMP,ROSALIO ZANATTA VIDAURRI,LUIS ENRIQUE GOMEZ SOTO
21,026,C_PT_PVEM_MORENA_NAP,ROSALIO ZANATTA VIDAURRI,LUIS ENRIQUE GOMEZ SOTO
21,026,C_PT_PVEM_MORENA_FXMP,ROSALIO ZANATTA VIDAURRI,LUIS ENRIQUE GOMEZ SOTO
21,026,C_PT_PVEM_NAP_FXMP,ROSALIO ZANATTA VIDAURRI,LUIS ENRIQUE GOMEZ SOTO
21,026,C_PT_MORENA_NAP_FXMP,ROSALIO ZANATTA VIDAURRI,LUIS ENRIQUE GOMEZ SOTO
21,026,C_PVEM_MORENA_NAP_FXMP,ROSALIO ZANATTA VIDAURRI,LUIS ENRIQUE GOMEZ SOTO
21,026,C_PT_PVEM_MORENA,ROSALIO ZANATTA VIDAURRI,LUIS ENRIQUE GOMEZ SOTO
21,026,C_PT_PVEM_NAP,ROSALIO ZANATTA VIDAURRI,LUIS ENRIQUE GOMEZ SOTO
21,026,C_PT_PVEM_FXMP,ROSALIO ZANATTA VIDAURRI,LUIS ENRIQUE GOMEZ SOTO
21,026,C_PT_MORENA_NAP,ROSALIO ZANATTA VIDAURRI,LUIS ENRIQUE GOMEZ SOTO
21,026,C_PT_MORENA_FXMP,ROSALIO ZANATTA VIDAURRI,LUIS ENRIQUE GOMEZ SOTO
21,026,C_PT_NAP_FXMP,ROSALIO ZANATTA VIDAURRI,LUIS ENRIQUE GOMEZ SOTO
21,026,C_PVEM_MORENA_NAP,ROSALIO ZANATTA VIDAURRI,LUIS ENRIQUE GOMEZ SOTO
21,026,C_PVEM_MORENA_FXMP,ROSALIO ZANATTA VIDAURRI,LUIS ENRIQUE GOMEZ SOTO
21,026,C_PVEM_NAP_FXMP,ROSALIO ZANATTA VIDAURRI,LUIS ENRIQUE GOMEZ SOTO
21,026,C_MORENA_NAP_FXMP,ROSALIO ZANATTA VIDAURRI,LUIS ENRIQUE GOMEZ SOTO
21,026,C_PT_PVEM,ROSALIO ZANATTA VIDAURRI,LUIS ENRIQUE GOMEZ SOTO
21,026,C_PT_MORENA,ROSALIO ZANATTA VIDAURRI,LUIS ENRIQUE GOMEZ SOTO
21,026,C_PT_NAP,ROSALIO ZANATTA VIDAURRI,LUIS ENRIQUE GOMEZ SOTO
21,026,C_PT_FXMP,ROSALIO ZANATTA VIDAURRI,LUIS ENRIQUE GOMEZ SOTO
21,026,C_PVEM_MORENA,ROSALIO ZANATTA VIDAURRI,LUIS ENRIQUE GOMEZ SOTO
21,026,C_PVEM_NAP,ROSALIO ZANATTA VIDAURRI,LUIS ENRIQUE GOMEZ SOTO
21,026,C_PVEM_FXMP,ROSALIO ZANATTA VIDAURRI,LUIS ENRIQUE GOMEZ SOTO
21,026,C_MORENA_NAP,ROSALIO ZANATTA VIDAURRI,LUIS ENRIQUE GOMEZ SOTO
21,026,C_MORENA_FXMP,ROSALIO ZANATTA VIDAURRI,LUIS ENRIQUE GOMEZ SOTO
21,026,C_NAP_FXMP,ROSALIO ZANATTA VIDAURRI,LUIS ENRIQUE GOMEZ SOTO
